,price,bedrooms,bathrooms,sqft_living,sqft_lot,floors,waterfront,view,condition,sqft_above,sqft_basement,yr_built,yr_renovated
1,2384000.0,5.0,2.5,3650,9050,2.0,0,4,5,3370,280,1921,0
5,490000.0,2.0,1.0,880,6380,1.0,0,0,3,880,0,1938,1994
9,640000.0,4.0,2.0,1520,6200,1.5,0,0,3,1520,0,1945,2010
11,1400000.0,4.0,2.5,2920,4000,1.5,0,0,5,1910,1010,1909,1988
13,365000.0,3.0,1.0,1090,6435,1.0,0,0,4,1090,0,1955,2009
14,1200000.0,5.0,2.75,2910,9480,1.5,0,0,3,2910,0,1939,1969
20,750000.0,3.0,1.75,2240,10578,2.0,0,0,5,1550,690,1923,0
22,626000.0,3.0,2.25,1750,1572,2.5,0,0,3,1470,280,2005,0
24,495000.0,4.0,1.75,1600,6380,1.0,0,0,3,1130,470,1959,1989
26,615000.0,3.0,1.75,2360,7291,1.0,0,0,4,1360,1000,1948,0
29,790000.0,3.0,2.5,2600,4750,1.0,0,0,4,1700,900,1951,1999
32,650000.0,4.0,2.0,1820,5000,1.5,0,1,3,1640,180,1945,2010
36,440000.0,2.0,1.0,800,4850,1.0,0,0,4,800,0,1944,0
39,750000.0,3.0,2.5,2390,6550,1.0,0,2,4,1440,950,1955,2009
43,439950.0,3.0,2.5,1770,2875,2.0,0,0,3,1770,0,1990,2009
44,235000.0,2.0,1.0,1210,9400,1.0,0,0,2,1210,0,1949,0
48,445700.0,3.0,2.5,1270,1180,3.0,0,0,3,1270,0,2001,0
52,805000.0,3.0,2.0,2710,4500,1.5,0,0,4,1880,830,1929,0
58,385000.0,3.0,3.25,1320,1327,2.0,0,0,3,1040,280,2008,0
59,295000.0,2.0,2.5,1630,1368,2.0,0,0,3,1280,350,2009,0
65,553000.0,2.0,1.0,900,5000,1.0,0,0,3,900,0,1944,0
71,783500.0,3.0,2.5,2850,7130,2.0,0,0,3,1990,860,1980,0
72,628000.0,4.0,2.0,2280,6010,1.0,0,0,3,1140,1140,1900,2005
75,531000.0,2.0,3.0,1270,1175,2.0,0,0,3,1110,160,2000,0
76,831000.0,4.0,3.0,2170,4000,2.0,0,0,4,1610,560,1982,2011
82,580000.0,2.0,1.0,2540,7000,1.0,0,0,5,1320,1220,1942,0
86,549000.0,2.0,1.0,1140,5400,1.0,0,0,5,1140,0,1908,0
88,405000.0,2.0,3.0,1410,1240,2.0,0,0,3,1140,270,2006,0
91,650000.0,3.0,1.5,2160,9000,1.0,0,2,4,1400,760,1949,1985
92,823000.0,6.0,1.75,2920,5000,2.5,0,0,4,2780,140,1908,0
93,770000.0,3.0,2.0,2350,5700,1.5,0,0,4,1810,540,1939,1989
94,524000.0,3.0,1.75,1560,5520,1.0,0,0,4,780,780,1944,0
96,670000.0,3.0,2.5,1680,2000,3.0,0,0,3,1680,0,1909,1998
98,406100.0,3.0,2.25,1410,1332,3.0,0,0,3,1410,0,2005,0
99,1395000.0,5.0,3.5,4010,8510,2.0,0,1,5,2850,1160,1971,0
104,435000.0,5.0,2.0,1840,9240,1.0,0,0,4,1540,300,1942,1958
108,400000.0,2.0,1.0,840,5510,1.0,0,0,3,840,0,1955,2005
110,657100.0,4.0,1.0,1390,4240,1.0,0,0,3,1050,340,1924,2011
114,740000.0,4.0,1.75,2010,3600,1.5,0,0,3,2010,0,1902,0
116,398750.0,3.0,2.5,2230,4000,2.0,0,0,3,2230,0,1954,2005
121,287000.0,3.0,1.0,1450,6000,1.0,0,0,4,1450,0,1953,1983
124,600000.0,3.0,1.75,1880,6360,1.0,0,0,4,1040,840,1945,0
125,418000.0,3.0,2.0,1410,6030,1.5,0,0,4,1410,0,1930,0
126,449250.0,4.0,2.0,1480,3844,1.5,0,0,5,1480,0,1928,1970
127,329950.0,2.0,1.0,1140,5250,1.5,0,0,4,1140,0,1949,1985
133,1425000.0,2.0,2.5,2220,4000,2.0,0,0,3,2220,0,2000,0
134,585000.0,2.0,1.0,1770,8640,1.5,0,0,3,1520,250,1949,1998
136,618500.0,3.0,2.0,1800,5000,1.0,0,0,4,1080,720,1942,1982
139,631625.0,4.0,2.5,2440,6651,2.0,0,0,3,2440,0,2014,0
141,340000.0,2.0,1.5,1160,1438,2.0,0,0,3,1160,0,2001,0
144,366750.0,3.0,3.0,1571,2017,3.0,0,0,3,1571,0,2008,0
146,416286.0,3.0,2.5,1408,989,3.0,0,0,3,1408,0,2005,0
152,450000.0,2.0,2.0,1100,3000,1.5,0,0,3,1100,0,1912,2005
153,353000.0,3.0,1.0,1350,7740,1.0,0,0,4,860,490,1947,1988
156,561000.0,3.0,2.0,2000,7000,2.0,0,0,3,2000,0,1916,1986
157,469000.0,2.0,1.0,1030,4400,1.0,0,0,3,1030,0,1924,2011
158,329350.0,2.0,1.0,720,6687,1.0,0,0,3,720,0,1942,1999
159,488000.0,5.0,2.0,2020,5000,1.5,0,0,4,2020,0,1938,0
162,312000.0,4.0,2.0,1300,7054,1.0,0,0,3,1300,0,1950,2013
163,650000.0,3.0,1.5,1630,7475,1.0,0,1,3,1160,470,1940,1996
164,1135000.0,4.0,2.75,3370,8103,1.0,0,3,3,1970,1400,1970,2014
165,325000.0,4.0,2.5,1890,6156,1.0,0,0,3,980,910,1980,0
167,219000.0,2.0,1.0,900,5160,1.0,0,0,3,900,0,1952,2008
181,460000.0,2.0,2.25,1230,929,2.0,0,0,3,1020,210,2004,2003
186,612500.0,4.0,2.0,2060,5000,1.0,0,0,3,1030,1030,1949,2013
191,313950.0,3.0,1.0,1510,6083,1.0,0,0,4,860,650,1940,2001
192,575000.0,3.0,1.75,2130,6500,1.0,0,2,3,1170,960,1954,2005
193,1225000.0,4.0,2.25,3490,6906,2.0,0,0,4,2280,1210,1928,0
199,365000.0,3.0,1.5,1310,8160,1.0,0,0,3,1310,0,1950,2005
201,1580000.0,4.0,3.25,3760,10920,1.5,0,0,5,2400,1360,1950,0
205,484000.0,2.0,1.75,1660,6000,1.0,0,0,3,1160,500,1942,1999
211,345000.0,3.0,1.0,1110,6250,1.0,0,0,3,1110,0,1956,2001
212,533000.0,5.0,2.75,1800,3780,1.5,0,0,3,1400,400,1926,2003
213,385000.0,3.0,1.75,1900,5520,1.0,0,0,3,1280,620,1982,0
216,485000.0,3.0,2.0,1420,4080,1.5,0,0,3,1420,0,1905,2013
219,499000.0,2.0,1.75,1170,2400,1.0,0,0,4,740,430,1903,0
220,1050000.0,3.0,2.5,2200,1970,2.0,0,0,3,1610,590,2008,0
222,500000.0,3.0,2.5,1480,1171,3.0,0,0,3,1480,0,2006,0
223,390000.0,5.0,3.75,2890,5000,1.0,0,0,3,1310,1580,2006,0
224,979000.0,3.0,2.5,2690,4047,3.0,0,0,3,2690,0,2014,0
226,369950.0,3.0,2.0,1270,1320,3.0,0,0,3,1270,0,2006,0
229,519950.0,3.0,2.25,1170,1249,3.0,0,0,3,1170,0,2014,0
231,495000.0,3.0,1.0,990,6000,1.0,0,0,3,990,0,1943,2002
239,750000.0,3.0,2.75,2520,5401,1.0,0,0,4,1360,1160,1946,1989
241,599999.0,9.0,4.5,3830,6988,2.5,0,0,3,2450,1380,1938,2003
247,526000.0,2.0,2.0,1550,2400,1.5,0,0,4,1550,0,1900,1971
252,3200000.0,7.0,4.5,6210,8856,2.5,0,2,5,4760,1450,1910,0
253,420000.0,2.0,1.5,1040,3500,1.5,0,0,4,1040,0,1904,0
257,749950.0,4.0,2.75,2600,6050,2.0,0,0,5,1960,640,1949,0
259,568000.0,3.0,2.0,2350,5080,1.5,0,0,3,1780,570,1929,0
264,500000.0,2.0,1.0,1010,3885,1.5,0,0,4,1010,0,1906,1990
265,475000.0,2.0,1.0,820,2723,1.0,0,0,3,820,0,1921,2000
266,352000.0,5.0,2.5,2420,8560,1.0,0,2,3,1620,800,1978,0
269,599000.0,3.0,1.75,1960,4788,1.0,0,0,4,1090,870,1920,0
274,575000.0,4.0,2.0,1650,5000,1.0,0,0,3,1650,0,1955,2005
275,705000.0,4.0,2.5,2650,4316,1.5,0,0,3,1520,1130,1905,2013
276,940000.0,4.0,2.25,1890,5940,1.0,0,1,3,1470,420,1963,2008
280,485000.0,3.0,2.0,1610,4160,1.0,0,0,4,1010,600,1917,0
281,300000.0,2.0,1.0,760,3001,1.0,0,0,3,760,0,1913,1983
284,1500000.0,6.0,2.5,3560,6480,2.5,0,0,4,3560,0,1914,1945
285,1340000.0,3.0,3.0,2960,5500,2.0,0,2,3,2440,520,1937,1990
289,361280.0,2.0,1.0,820,6400,1.0,0,0,4,820,0,1944,0
294,440000.0,3.0,1.75,1500,6180,1.0,0,0,4,1060,440,1947,1988
295,530000.0,3.0,1.0,1340,4284,1.0,0,0,3,1080,260,1910,2006
297,775000.0,3.0,2.0,2540,7200,1.5,0,3,4,1600,940,1905,0
301,380000.0,5.0,1.75,3000,6000,1.0,0,0,5,1500,1500,1958,0
303,690000.0,3.0,2.0,1760,6428,1.0,0,0,4,980,780,1942,1982
306,794154.0,4.0,2.0,2210,8556,1.0,0,1,4,1210,1000,1954,1979
308,245000.0,3.0,1.5,1260,1270,2.0,0,0,3,1040,220,2005,0
311,425000.0,2.0,2.5,1150,1027,3.0,0,0,3,1150,0,2008,0
313,365000.0,5.0,2.75,2410,5003,1.0,0,0,3,1410,1000,2008,0
314,417250.0,3.0,2.25,1606,1452,3.0,0,0,3,1606,0,2009,0
315,339950.0,2.0,1.0,820,681,3.0,0,0,3,820,0,2006,0
316,615000.0,2.0,1.0,1540,6872,1.0,0,0,4,820,720,1946,1989
320,533000.0,3.0,1.0,1670,4080,1.0,0,0,3,1170,500,1967,2011
323,712000.0,3.0,1.0,1250,4620,1.5,0,0,4,1150,100,1900,1971
328,205000.0,2.0,1.0,720,5040,1.0,0,0,3,720,0,1955,2005
329,553650.0,2.0,2.5,1360,1349,2.0,0,0,3,1050,310,1997,0
334,719000.0,3.0,2.5,1690,4500,1.5,0,1,4,1690,0,1928,0
338,1039000.0,4.0,1.0,3410,5000,2.0,0,0,5,2190,1220,1910,0
341,515000.0,2.0,1.0,1060,4960,1.0,0,0,3,1060,0,1926,2003
342,207000.0,3.0,1.0,1490,8995,1.0,0,0,4,1490,0,1954,1979
347,385000.0,3.0,1.75,1890,9920,1.0,0,0,3,1230,660,1944,0
349,235000.0,2.0,1.0,1270,3008,1.0,0,0,4,650,620,1923,0
350,358000.0,2.0,1.5,960,1808,2.0,0,0,3,960,0,1993,0
352,228000.0,4.0,1.75,2000,6120,1.0,0,0,3,1100,900,1965,1993
353,405000.0,2.0,1.0,1020,8155,1.0,0,0,4,1020,0,1948,0
356,1750000.0,6.0,3.0,3510,5760,2.5,0,0,4,3510,0,1906,1990
357,636000.0,2.0,1.75,1230,3600,1.5,0,0,5,1230,0,1925,0
361,530000.0,4.0,2.75,2280,2850,1.5,0,0,4,1540,740,1930,0
363,230000.0,3.0,1.75,950,6000,1.0,0,0,3,790,160,1939,1969
366,1307000.0,5.0,3.25,2800,3200,1.5,0,0,5,1910,890,1932,2002
368,660000.0,3.0,1.75,1320,5750,1.5,0,0,5,1320,0,1918,0
374,413450.0,3.0,2.5,1540,1614,3.0,0,0,3,1470,70,2008,0
378,930000.0,3.0,3.25,2640,4080,2.0,0,0,3,1840,800,1912,2000
380,835000.0,4.0,2.0,1910,6960,1.5,0,0,5,1910,0,1941,0
382,500000.0,3.0,1.75,1410,1197,3.0,0,0,3,1410,0,2012,1912
383,499000.0,2.0,1.5,1110,957,2.0,0,0,3,930,180,2005,0
384,321950.0,2.0,1.25,860,1277,2.0,0,0,3,860,0,2007,0
386,441750.0,2.0,1.5,1020,1060,3.0,0,0,3,1020,0,2008,0
387,438000.0,2.0,1.0,980,1179,2.0,0,0,3,980,0,2010,0
392,460000.0,4.0,1.75,1750,5500,1.5,0,0,5,1050,700,1926,0
402,255000.0,2.0,1.0,810,7980,1.0,0,0,1,810,0,1928,0
403,445000.0,4.0,2.0,1650,6000,1.0,0,0,5,1000,650,1959,0
405,195000.0,2.0,1.0,720,18000,1.0,0,0,3,720,0,1950,2005
408,490000.0,2.0,1.0,1840,3300,1.5,0,0,4,1130,710,1910,0
411,270000.0,3.0,1.5,1500,6337,1.0,0,0,5,1500,0,1953,0
413,382000.0,3.0,3.25,1410,1253,3.0,0,0,3,1410,0,2005,0
419,536500.0,4.0,1.75,2000,4000,1.5,0,0,5,1450,550,1926,0
423,463000.0,2.0,1.0,1150,4400,1.0,0,0,4,1150,0,1905,0
424,742500.0,4.0,2.75,3100,3773,2.0,0,0,3,2000,1100,1919,1996
433,325000.0,3.0,2.25,1352,1694,3.0,0,0,3,1352,0,2007,0
438,481450.0,3.0,2.0,1410,4800,1.0,0,0,3,1410,0,1940,1996
447,252500.0,3.0,1.0,1030,6127,1.0,0,0,3,880,150,1947,2012
453,536000.0,3.0,1.75,1300,5413,1.5,0,0,3,1300,0,1925,1992
455,445000.0,2.0,2.0,1150,6634,1.0,0,0,3,860,290,1940,1996
457,769900.0,4.0,3.5,2730,3047,2.0,0,0,3,2400,330,2006,0
459,212000.0,2.0,1.5,1020,1525,2.0,0,0,3,1020,0,2004,2003
460,376000.0,3.0,2.0,1340,1384,3.0,0,0,3,1340,0,2008,0
463,324000.0,3.0,2.25,998,904,2.0,0,0,3,798,200,2007,0
464,549900.0,5.0,2.75,3060,7015,1.0,0,0,5,1600,1460,1979,0
466,875000.0,4.0,2.0,2520,6000,1.0,0,0,3,1400,1120,1921,2007
468,394950.0,3.0,2.5,1350,1250,3.0,0,0,3,1270,80,2006,0
469,842500.0,4.0,2.5,2160,5298,2.5,0,0,4,2160,0,1902,0
470,368000.0,3.0,2.5,1370,1350,2.0,0,0,3,1010,360,2007,0
472,885000.0,4.0,2.5,2830,5000,2.0,0,0,3,2830,0,1995,0
475,490000.0,2.0,2.5,1230,1391,2.0,0,0,3,870,360,2004,2003
477,235000.0,1.0,1.0,810,2451,1.0,0,0,5,810,0,1941,0
481,255000.0,2.0,1.0,1220,2500,1.0,0,0,3,770,450,1910,2006
485,350000.0,2.0,1.0,910,4500,1.5,0,0,4,910,0,1906,1990
487,582000.0,4.0,1.75,2120,4650,1.0,0,1,3,1190,930,1951,1994
488,1315000.0,4.0,3.5,3460,3997,2.0,0,0,3,2560,900,2004,2003
489,372500.0,5.0,3.0,2480,10090,1.0,0,0,3,1300,1180,2004,2003
491,360000.0,4.0,2.0,1730,5500,1.0,0,0,5,1010,720,1943,0
492,1015000.0,3.0,2.5,2920,34527,1.0,0,4,4,1800,1120,1954,1983
498,210000.0,3.0,2.5,1040,2643,2.0,0,0,3,720,320,2004,2003
500,770000.0,3.0,1.75,1720,5000,1.0,0,0,3,1720,0,1954,2014
501,499950.0,3.0,1.0,980,6380,1.0,0,0,3,760,220,1941,1994
508,500000.0,2.0,2.25,1290,1334,3.0,0,0,3,1290,0,2007,0
511,870300.0,4.0,2.5,2350,3150,1.5,0,0,4,1690,660,1910,0
515,315275.0,3.0,1.75,1440,8040,1.0,0,0,3,960,480,1951,1994
516,505000.0,4.0,1.75,1940,4800,1.0,0,0,5,1030,910,1922,1956
520,610000.0,4.0,3.0,2110,5000,1.5,0,2,4,1640,470,1930,0
523,910000.0,3.0,2.0,2700,6120,1.0,0,0,4,1350,1350,1962,0
524,1300000.0,4.0,3.25,2330,9687,2.0,0,3,3,2330,0,1918,0
526,840000.0,4.0,2.75,2600,2750,1.5,0,0,3,1620,980,1936,0
527,300000.0,2.0,1.75,1360,8100,1.0,0,0,3,860,500,1975,0
532,675000.0,4.0,3.0,2400,3340,1.0,0,0,4,1200,1200,1964,0
533,734200.0,4.0,2.5,2760,5000,1.5,0,0,5,1680,1080,1928,1970
536,630000.0,4.0,2.0,1770,6000,2.0,0,0,5,1770,0,1911,1981
538,301500.0,2.0,1.5,830,1333,2.0,0,0,3,830,0,2005,0
539,369000.0,2.0,2.5,980,895,2.0,0,0,3,670,310,2009,0
540,635000.0,3.0,2.5,1570,1433,3.0,0,0,3,1570,0,2010,0
546,625000.0,3.0,3.5,1810,1846,2.0,0,0,4,1440,370,2009,0
556,525000.0,5.0,3.0,2450,4591,2.0,0,0,3,2450,0,1994,0
560,628000.0,4.0,2.0,2260,6000,1.0,0,0,3,1430,830,1958,2004
562,245000.0,5.0,1.75,2020,7902,1.0,0,0,3,1220,800,1962,2003
563,415000.0,3.0,1.75,1960,5000,1.0,0,0,5,980,980,1911,1984
567,799200.0,6.0,3.0,2890,2370,2.5,0,0,3,2290,600,1906,2014
569,591000.0,3.0,1.75,1680,2400,1.0,0,0,5,870,810,1922,1956
572,575000.0,3.0,1.75,1580,11750,1.0,0,0,4,1180,400,1951,1999
573,771000.0,3.0,2.25,1780,6120,1.5,0,0,4,1390,390,1927,0
574,155000.0,2.0,1.0,910,6232,1.0,0,0,3,910,0,1943,2002
575,550000.0,7.0,4.0,3440,8100,2.0,0,0,3,3440,0,1970,2014
581,2555000.0,4.0,2.5,5300,26211,2.0,1,2,2,4570,730,1923,0
582,717000.0,3.0,1.5,1310,3880,1.0,0,0,3,1090,220,1956,2001
584,225000.0,3.0,1.0,1040,6535,1.0,0,0,3,1040,0,1947,2012
586,230000.0,2.0,0.75,650,5360,1.0,0,0,4,650,0,1931,0
587,385000.0,3.0,2.0,1480,6600,1.0,0,2,3,740,740,1943,2002
594,665000.0,3.0,2.0,1940,5820,1.5,0,0,5,1150,790,1944,0
596,620000.0,3.0,1.0,1710,4050,1.5,0,0,3,1710,0,1909,2004
597,1105000.0,4.0,1.5,2740,4000,2.0,0,0,5,1930,810,1905,0
598,450000.0,3.0,2.75,1250,892,2.0,0,0,3,1040,210,2010,0
607,560000.0,3.0,1.0,1440,5000,2.0,0,0,3,1440,0,1910,2006
609,413000.0,4.0,1.0,1410,6000,1.0,0,0,3,810,600,1925,2002
615,570000.0,3.0,2.0,1530,5401,1.0,0,0,4,1530,0,1937,0
616,465000.0,3.0,1.5,1270,5112,1.0,0,0,3,1270,0,1950,2005
620,525000.0,3.0,2.5,1580,1161,2.0,0,0,3,1010,570,2008,0
622,870000.0,4.0,2.5,3520,6773,2.5,0,0,3,2650,870,2006,0
623,650000.0,4.0,2.5,2210,4861,2.0,0,0,3,2210,0,2013,1923
625,330000.0,3.0,2.5,1450,5008,1.0,0,0,3,840,610,2007,0
626,385000.0,4.0,1.75,1620,4980,1.0,0,0,4,860,760,1947,1988
627,306000.0,3.0,1.5,1220,1086,3.0,0,0,3,1220,0,2007,0
628,546000.0,3.0,1.75,2000,5000,1.0,0,0,4,1110,890,1921,0
631,800000.0,3.0,1.0,1700,4400,1.5,0,0,4,1700,0,1906,1990
632,620000.0,5.0,2.5,2540,3832,2.0,0,0,5,1760,780,1929,0
642,372220.0,3.0,1.0,1290,5500,1.0,0,0,3,980,310,1951,1994
643,337500.0,5.0,2.0,1700,7314,1.0,0,0,3,1000,700,1956,2001
644,582500.0,2.0,1.5,1159,4800,1.0,0,0,3,1159,0,1948,1994
646,405100.0,2.0,1.0,840,3522,1.0,0,0,3,840,0,1947,2012
649,538000.0,3.0,1.75,1400,3825,1.5,0,0,4,1100,300,1904,0
650,1400000.0,3.0,2.5,2550,7200,2.0,0,2,3,2550,0,1981,2013
652,702500.0,3.0,1.5,2360,6750,2.0,0,0,5,1930,430,1926,0
656,682000.0,3.0,1.75,1830,5120,1.5,0,2,5,1830,0,1903,0
659,525000.0,3.0,1.75,1600,6120,1.5,0,0,3,1600,0,1924,2011
661,394475.0,2.0,1.0,830,4000,1.0,0,0,3,830,0,1955,2005
663,339950.0,3.0,1.0,1050,5402,1.5,0,0,4,1050,0,1906,1990
674,715000.0,4.0,2.25,2060,5649,1.0,0,0,5,1360,700,1941,0
676,458000.0,3.0,1.0,1660,7500,1.0,0,0,4,1060,600,1940,2001
687,607500.0,5.0,1.75,2220,6000,1.5,0,0,3,1420,800,1923,1998
689,400000.0,2.0,1.0,980,2130,1.0,0,0,4,860,120,1918,1974
693,300000.0,3.0,1.0,1260,8280,1.0,0,0,3,1260,0,1946,0
710,185000.0,3.0,1.0,1150,8100,1.0,0,0,3,1150,0,1932,0
714,451555.0,2.0,1.0,1320,4520,1.0,0,1,3,1320,0,1912,1971
717,840000.0,4.0,1.75,2930,11562,1.0,0,3,3,1670,1260,1947,2012
719,349950.0,3.0,1.0,1400,7066,1.0,0,0,3,1400,0,1957,2000
720,613000.0,4.0,2.0,1550,4815,1.5,0,0,3,1550,0,1909,2004
724,197500.0,3.0,1.0,980,3090,1.5,0,0,3,980,0,1903,2005
734,1255000.0,4.0,2.5,3200,7535,2.0,0,0,3,3200,0,2006,0
735,575000.0,2.0,1.0,1490,6000,1.0,0,0,3,1090,400,1946,0
737,585000.0,5.0,1.75,2000,3750,2.0,0,0,4,2000,0,1921,0
743,475000.0,7.0,3.5,2870,29699,1.0,0,0,3,1520,1350,1961,2004
746,790000.0,3.0,1.75,1790,6117,1.0,0,2,3,1350,440,1940,1996
754,744000.0,4.0,3.0,1980,5352,2.5,0,0,3,1980,0,1941,2005
755,312500.0,2.0,1.0,880,6345,1.0,0,0,3,880,0,1919,2001
757,495000.0,4.0,2.0,2050,4000,1.5,0,0,5,1210,840,1941,0
758,580050.0,3.0,2.5,2360,4638,2.0,0,3,3,2360,0,1996,0
759,640000.0,4.0,2.0,2560,7798,1.0,0,0,4,1890,670,1947,1988
762,295000.0,3.0,1.5,850,2500,1.0,0,0,3,850,0,1986,0
765,343000.0,4.0,1.75,2290,10290,1.0,0,0,3,1340,950,1960,2012
766,467000.0,3.0,1.0,1660,6582,1.0,0,0,5,1000,660,1946,0
767,512500.0,3.0,2.5,1840,2875,2.0,0,0,4,1840,0,1997,0
769,465000.0,3.0,1.75,1410,6886,1.0,0,0,3,1410,0,1924,2013
771,340000.0,3.0,1.75,1960,8136,1.0,0,0,3,980,980,1948,1994
773,497000.0,4.0,2.5,2240,7200,2.0,0,0,3,2240,0,1995,0
775,344000.0,3.0,2.5,1232,1130,3.0,0,0,3,1232,0,2007,0
778,312000.0,3.0,2.25,1490,974,2.0,0,0,3,1220,270,2009,0
784,350000.0,1.0,1.0,700,5100,1.0,0,0,3,700,0,1942,1999
786,408200.0,3.0,2.5,1800,5761,2.0,0,0,4,1800,0,1990,0
787,451000.0,3.0,1.75,1560,4049,1.5,0,2,3,1000,560,1926,2003
789,799000.0,4.0,3.25,3120,5000,2.0,0,0,3,2370,750,2005,0
790,720000.0,2.0,1.0,2020,7200,1.0,0,3,4,1700,320,1947,1988
791,490000.0,3.0,2.0,1450,2400,1.5,0,0,3,1450,0,1900,2003
802,342000.0,3.0,1.0,1260,6826,1.0,0,0,3,720,540,1944,0
804,724800.0,3.0,2.0,2050,3933,1.0,0,0,3,1180,870,1926,2001
806,605000.0,2.0,1.0,910,3600,1.0,0,0,4,910,0,1909,1989
808,785000.0,3.0,2.0,2180,5440,1.0,0,0,5,1100,1080,1904,0
810,565000.0,3.0,2.25,1520,1221,3.0,0,0,3,1520,0,2013,1923
811,875000.0,3.0,2.0,2220,6641,1.0,0,2,4,1220,1000,1947,1988
820,620000.0,3.0,2.25,1720,4000,1.5,0,0,4,1450,270,1921,0
821,245000.0,2.0,1.0,870,6150,1.0,0,0,3,870,0,1941,1994
822,238000.0,3.0,2.0,1020,1204,2.0,0,0,3,720,300,2004,2003
823,523000.0,3.0,1.5,1260,3135,1.5,0,0,3,1260,0,1931,0
825,180000.0,3.0,1.0,1000,18513,1.0,0,0,3,1000,0,1940,1996
826,375000.0,3.0,1.5,1100,1751,2.0,0,0,3,940,160,2007,0
831,540000.0,1.0,1.0,1140,6700,1.5,0,0,3,1140,0,1920,1979
832,605000.0,3.0,2.25,1290,2500,2.0,0,0,4,1290,0,1987,0
837,490000.0,2.0,1.0,1160,5000,1.0,0,0,4,1160,0,1937,0
843,341000.0,3.0,2.5,1480,1663,2.0,0,0,3,1180,300,2012,1912
848,500000.0,2.0,2.5,1310,1500,2.0,0,0,3,1160,150,2006,0
849,410000.0,3.0,2.0,1700,4250,1.0,0,0,3,890,810,1944,0
855,488000.0,2.0,2.0,1360,4688,1.0,0,0,3,780,580,1944,0
858,592500.0,2.0,2.0,1420,9191,1.5,0,2,5,1420,0,1928,1970
860,475000.0,2.0,1.0,1490,3825,1.0,0,0,3,860,630,1929,0
864,487250.0,4.0,2.0,1690,3250,1.5,0,0,3,1550,140,1901,0
866,440000.0,2.0,1.5,1010,1968,1.5,0,0,5,1010,0,1906,0
868,462000.0,3.0,1.5,1710,4500,1.5,0,0,3,1410,300,1928,1954
869,560000.0,4.0,1.0,1660,4690,1.5,0,0,3,1260,400,1945,2010
870,285000.0,4.0,1.75,2080,13629,1.0,0,0,4,1040,1040,1955,2009
872,210000.0,3.0,1.0,1080,21043,1.0,0,0,3,1080,0,1942,1999
873,690000.0,3.0,2.0,1610,5100,1.5,0,0,5,1610,0,1940,0
875,411000.0,4.0,2.75,2500,5257,2.0,0,0,3,2500,0,1966,1963
877,762000.0,5.0,2.0,3370,5000,1.5,0,0,4,2140,1230,1907,0
882,413500.0,2.0,1.0,770,4000,1.0,0,0,5,770,0,1924,1956
886,524950.0,3.0,1.75,1890,3825,1.0,0,0,3,1290,600,1974,0
888,461000.0,2.0,1.0,1060,7193,1.0,0,0,3,1060,0,1926,2003
890,885000.0,4.0,2.75,2730,3560,1.5,0,0,3,1550,1180,1921,2007
894,333000.0,4.0,2.0,1580,7800,2.0,0,0,2,1580,0,1906,0
899,485000.0,3.0,1.0,1500,4100,1.5,0,0,3,1370,130,1926,2003
900,482500.0,3.0,2.25,1450,1445,2.0,0,0,3,980,470,2005,0
906,485000.0,2.0,2.25,1260,1240,3.0,0,0,3,1260,0,2004,2003
909,850000.0,4.0,3.5,2640,5900,2.0,0,2,3,2640,0,1937,1998
912,700000.0,3.0,1.75,2010,4905,1.0,0,0,5,1230,780,1912,0
913,368000.0,2.0,1.5,1660,4680,1.0,0,0,5,830,830,1908,0
914,433500.0,3.0,2.5,2200,3360,2.0,0,0,3,2200,0,2009,0
920,367000.0,2.0,1.0,700,2334,1.0,0,0,3,700,0,1945,2010
924,477000.0,3.0,2.5,1350,2053,3.0,0,0,3,1350,0,2005,0
925,518000.0,3.0,2.5,1680,2096,2.0,0,0,3,1380,300,2008,0
927,1190000.0,4.0,3.0,2240,6000,1.5,0,0,4,1270,970,1914,1945
928,137000.0,3.0,1.0,950,7620,1.0,0,0,3,950,0,1954,2005
931,640000.0,2.0,2.25,1540,958,3.0,0,0,3,1540,0,2007,0
936,271310.0,2.0,1.0,870,5340,1.5,0,0,2,870,0,1906,0
938,479000.0,3.0,2.5,1260,889,3.0,0,0,3,1260,0,2008,0
939,520000.0,4.0,3.5,2680,10000,2.0,0,0,3,2040,640,1942,2014
940,599950.0,3.0,2.5,2660,4975,2.0,0,0,3,2660,0,2014,0
941,483945.0,2.0,1.75,1480,5120,1.0,0,0,4,840,640,1951,1999
943,192500.0,2.0,1.0,950,7692,1.0,0,0,3,950,0,1926,2003
944,330000.0,2.0,1.0,860,8308,1.0,0,0,4,860,0,1948,0
946,243000.0,2.0,1.0,1770,5522,1.5,0,0,4,960,810,1943,0
947,575000.0,4.0,1.75,1280,6060,1.0,0,0,3,860,420,1926,2003
949,710000.0,2.0,1.0,1790,4000,1.0,0,0,4,1040,750,1923,0
953,490000.0,3.0,1.0,1910,8190,1.0,0,0,4,1010,900,1946,1989
954,467000.0,3.0,2.25,1270,1213,2.0,0,0,3,1040,230,2005,0
955,480000.0,4.0,2.75,2050,3960,1.0,0,0,4,1180,870,1986,0
956,755000.0,6.0,2.0,2150,4505,1.0,0,0,3,1270,880,1952,2008
958,387000.0,2.0,2.25,1230,1280,2.0,0,0,3,960,270,2012,1912
963,570000.0,2.0,1.75,1540,4025,1.0,0,0,4,1190,350,1908,0
968,387500.0,4.0,1.0,1320,4440,1.5,0,0,3,1320,0,1929,0
974,396675.0,2.0,1.0,1730,6375,2.0,0,0,4,1730,0,1945,0
975,452000.0,4.0,1.0,1210,3760,1.5,0,0,3,1210,0,1900,2005
977,792000.0,3.0,1.5,1570,1050,2.0,0,0,3,1570,0,1915,0
979,1275000.0,4.0,2.0,2850,7861,1.0,0,4,4,1450,1400,1970,0
982,440000.0,2.0,1.75,1300,4000,2.0,0,0,3,1300,0,1948,1994
984,525000.0,3.0,1.5,1540,4773,2.0,0,0,3,1540,0,1941,2009
985,978000.0,4.0,2.75,2620,13777,1.5,0,2,4,1720,900,1926,1993
986,1125000.0,6.0,3.0,2880,3192,2.0,0,0,4,2180,700,1919,1985
987,700000.0,4.0,1.0,1680,4021,1.5,0,0,3,1680,0,1921,2000
989,309000.0,3.0,1.0,1092,7500,1.5,0,0,3,1092,0,1918,0
994,699000.0,4.0,2.5,2650,7945,2.0,0,0,3,2650,0,2006,0
998,1100000.0,3.0,2.0,2390,6888,2.0,0,1,5,2390,0,1939,0
1002,430000.0,3.0,1.75,1200,4500,1.0,0,0,5,1200,0,1906,0
1007,376000.0,2.0,1.0,1150,4000,1.0,0,0,3,1150,0,1947,2012
1008,475000.0,4.0,1.75,1650,7775,1.0,0,0,4,1150,500,1950,1983
1010,1690000.0,3.0,1.75,3400,8965,1.0,0,2,5,1820,1580,1957,0
1012,619500.0,3.0,2.5,1700,4105,2.0,0,0,3,1700,0,1992,0
1018,194000.0,1.0,1.0,820,1060,1.0,0,0,3,760,60,2007,0
1022,329000.0,4.0,2.5,1600,6765,1.0,0,0,3,830,770,1947,2011
1023,494000.0,4.0,1.75,2090,4300,1.5,0,0,4,1250,840,1925,1968
1025,423000.0,4.0,1.75,1940,6909,1.0,0,0,4,970,970,1941,1998
1027,879950.0,4.0,2.25,3500,13875,1.0,0,4,4,1830,1670,1938,0
1028,345600.0,5.0,3.5,2800,5120,2.5,0,0,3,2800,0,1903,2005
1029,395000.0,3.0,1.5,1080,2940,1.5,0,0,4,1080,0,1920,0
1032,380000.0,3.0,1.75,1690,1468,2.0,0,0,3,1380,310,2008,0
1033,440000.0,3.0,1.5,1270,1443,3.0,0,0,3,1270,0,2007,0
1034,415000.0,3.0,2.25,1970,2377,2.0,0,0,3,1680,290,2008,0
1036,500000.0,3.0,2.5,1210,1200,3.0,0,0,3,1210,0,2008,0
1037,953007.0,4.0,3.5,3120,5086,2.0,0,0,3,2480,640,2008,0
1039,772000.0,3.0,2.25,1640,1204,3.0,0,0,3,1640,0,2014,0
1042,490000.0,5.0,3.5,4460,2975,3.0,0,2,3,3280,1180,2013,1923
1043,305000.0,2.0,2.5,1590,2656,2.0,0,0,3,1220,370,2009,0
1046,325000.0,3.0,1.0,990,6750,1.0,0,0,4,990,0,1947,1988
1048,720000.0,3.0,2.5,2020,1159,3.0,0,3,3,2020,0,2000,0
1054,199000.0,4.0,2.0,2030,8120,2.0,0,0,3,2030,0,1950,2005
1056,1506000.0,4.0,3.25,3660,5800,2.5,0,0,3,3360,300,1909,1995
1060,635000.0,4.0,2.25,2750,6180,1.0,0,0,4,1500,1250,1948,0
1061,210000.0,3.0,1.0,1240,4842,1.0,0,0,4,1240,0,1916,0
1065,475000.0,4.0,2.0,1790,2250,1.0,0,2,4,840,950,1909,1989
1068,230000.0,5.0,2.0,1930,6120,1.5,0,0,3,1930,0,1941,1969
1072,249900.0,2.0,1.0,1140,5500,1.0,0,0,3,1140,0,1947,2012
1075,270000.0,3.0,1.75,1390,10905,1.0,0,0,3,860,530,1957,2000
1076,495000.0,3.0,3.5,2380,6250,2.0,0,3,3,1670,710,1997,0
1080,1003000.0,4.0,2.75,2290,6120,2.0,0,0,4,2170,120,1926,1993
1081,299800.0,2.0,1.0,790,5240,1.0,0,0,4,790,0,1925,1968
1086,360000.0,2.0,0.75,850,7710,1.0,0,2,5,550,300,1909,1988
1090,218000.0,3.0,1.0,1020,7874,1.0,0,0,3,1020,0,1956,2001
1096,452000.0,4.0,2.0,1660,6150,1.0,0,0,3,850,810,1945,2010
1098,246000.0,3.0,1.5,1780,23819,1.0,0,0,3,1780,0,1953,0
1099,535000.0,2.0,1.0,1030,4841,1.0,0,0,3,920,110,1939,1969
1101,430000.0,3.0,1.0,1150,3000,1.0,0,0,5,1150,0,1906,0
1104,450000.0,2.0,1.0,1200,4000,1.0,0,0,3,1070,130,1940,1996
1106,525000.0,3.0,1.0,1450,4000,1.0,0,1,4,950,500,1948,0
1107,1220000.0,4.0,2.5,3240,3600,2.0,0,0,3,2060,1180,2008,0
1108,540000.0,3.0,2.0,1470,1691,2.0,0,0,3,1000,470,2007,0
1114,285000.0,3.0,1.75,2380,6000,1.5,0,0,3,1320,1060,1935,1974
1121,300000.0,2.0,1.0,970,13700,1.0,0,0,3,970,0,1949,1998
1124,700000.0,4.0,3.25,2780,7875,2.0,0,0,3,2780,0,2006,0
1131,334990.0,4.0,2.5,2220,4228,2.0,0,0,3,2220,0,2014,0
1136,360000.0,3.0,2.5,1530,1131,3.0,0,0,3,1530,0,2009,0
1144,373500.0,2.0,1.0,800,3330,1.0,0,0,3,800,0,1918,0
1148,494400.0,2.0,1.75,1560,1750,1.0,0,0,4,780,780,1904,0
1150,926300.0,3.0,1.5,1660,4800,2.0,0,0,3,1660,0,1907,1983
1151,600000.0,3.0,1.75,1650,5100,1.0,0,0,5,1040,610,1908,0
1155,219900.0,3.0,1.0,910,6000,1.0,0,0,2,910,0,1956,0
1156,270000.0,2.0,1.5,840,867,2.0,0,0,3,840,0,2005,0
1157,432000.0,3.0,2.25,1470,1578,2.0,0,0,3,1090,380,2007,0
1162,305000.0,4.0,1.75,2200,8100,1.5,0,0,5,1400,800,1942,0
1164,235750.0,2.0,1.0,740,11250,1.0,0,0,2,740,0,1938,0
1165,657000.0,4.0,1.75,2740,8520,1.0,0,2,3,1370,1370,1954,2005
1168,150000.0,2.0,1.0,820,10270,1.0,0,0,3,820,0,1954,2005
1173,319950.0,2.0,1.0,1070,5824,1.0,0,2,5,1070,0,1949,0
1174,337000.0,3.0,1.0,1070,6109,1.0,0,0,5,1070,0,1951,0
1175,492000.0,4.0,2.0,1640,5000,2.0,0,0,3,1640,0,1907,1983
1179,400000.0,3.0,1.0,1040,6250,1.0,0,0,3,1040,0,1942,1999
1183,431500.0,3.0,3.5,1900,1612,2.0,0,0,3,1430,470,2008,0
1185,677000.0,3.0,2.0,2000,3207,1.0,0,0,4,1100,900,1916,0
1186,1180500.0,3.0,1.75,1610,7200,1.0,0,0,3,1090,520,1973,2013
1189,168000.0,2.0,2.5,1160,2174,2.0,0,0,3,1160,0,1998,2006
1190,805000.0,4.0,2.75,2410,6000,1.0,0,0,5,1410,1000,1950,0
1194,940000.0,4.0,2.75,2080,4000,1.5,0,0,3,2080,0,1912,2000
1197,380000.0,2.0,2.5,1230,987,2.0,0,0,3,1060,170,2011,0
1201,353250.0,2.0,1.0,1060,1600,2.0,0,0,3,1060,0,1979,2014
1203,320000.0,3.0,2.25,998,844,2.0,0,0,3,798,200,2007,0
1207,321000.0,3.0,2.25,1347,1292,3.0,0,0,3,1347,0,2010,0
1210,359000.0,3.0,1.5,1360,885,3.0,0,0,3,1360,0,2008,0
1211,300000.0,5.0,2.5,2760,6000,2.0,0,0,3,2760,0,2006,0
1212,380000.0,5.0,3.5,2420,4670,2.0,0,0,3,2420,0,2013,1923
1214,355000.0,3.0,2.25,1280,959,3.0,0,0,3,1280,0,2005,0
1216,353000.0,1.0,1.0,550,1279,2.0,0,0,3,550,0,2008,0
1217,430000.0,2.0,2.5,1520,1588,2.0,0,0,3,1240,280,2007,0
1218,460000.0,3.0,1.0,1670,4005,1.5,0,0,4,1170,500,1939,1989
1222,325000.0,3.0,1.0,1920,6862,1.0,0,2,3,1120,800,1952,2008
1223,980000.0,4.0,3.0,3680,5854,1.0,0,3,3,2060,1620,1967,2011
1226,662990.0,3.0,1.75,1240,3600,1.5,0,0,5,1240,0,1926,0
1233,478000.0,3.0,1.0,1280,2580,1.5,0,0,3,1280,0,1910,2014
1234,515000.0,2.0,1.0,1680,6500,1.0,0,0,4,1140,540,1941,1998
1236,149000.0,3.0,1.0,1700,8645,1.0,0,0,3,1700,0,1955,2005
1237,526000.0,3.0,1.75,1680,3420,1.0,0,0,3,960,720,1992,0
1243,648475.0,4.0,2.75,2250,5700,1.0,0,0,3,1200,1050,1951,1994
1244,383000.0,3.0,1.0,1800,5612,1.0,0,0,4,1200,600,1942,1982
1246,449950.0,3.0,2.0,1560,4080,2.0,0,0,3,1560,0,1923,1982
1249,599000.0,3.0,2.75,1960,2500,1.5,0,0,5,1410,550,1926,0
1251,595000.0,2.0,1.5,1030,4500,1.0,0,0,3,830,200,1924,2011
1258,1325000.0,4.0,3.0,3370,7920,1.0,0,3,3,1860,1510,1988,2000
1263,661254.0,4.0,4.0,2290,6250,1.5,0,0,5,1690,600,1940,0
1269,641000.0,3.0,1.75,1620,3975,1.0,0,0,5,940,680,1926,0
1274,464600.0,3.0,1.75,1120,5500,1.5,0,0,4,1120,0,1925,1968
1276,300000.0,2.0,1.0,1340,7788,1.0,0,2,3,1340,0,1947,2012
1277,670500.0,4.0,2.0,1590,6750,1.0,0,0,3,1590,0,1951,1994
1278,552000.0,3.0,1.0,1430,5000,1.0,0,0,4,1080,350,1919,1985
1279,244000.0,4.0,1.0,1450,8960,1.0,0,0,3,1450,0,1943,2002
1282,530000.0,4.0,1.75,1814,5000,1.0,0,0,4,944,870,1951,1999
1283,90000.0,2.0,1.0,580,7500,1.0,0,0,3,580,0,1943,2002
1284,585000.0,3.0,2.0,1670,4572,1.5,0,0,3,1670,0,1931,0
1286,379000.0,2.0,1.0,800,6380,1.0,0,2,3,800,0,1940,1996
1287,462000.0,3.0,1.75,1300,2580,1.0,0,0,5,820,480,1919,1934
1292,606000.0,3.0,1.0,1500,3920,1.0,0,0,3,1000,500,1947,2012
1293,334000.0,4.0,2.5,2210,6080,1.0,0,2,4,1410,800,1965,0
1294,360000.0,3.0,2.0,1270,1323,3.0,0,0,3,1270,0,2006,0
1295,235000.0,2.0,1.0,1140,1730,1.5,0,0,3,1010,130,2007,0
1296,580000.0,3.0,2.5,1620,1173,3.0,0,4,3,1470,150,2008,0
1297,355000.0,3.0,2.0,1220,1186,3.0,0,0,3,1220,0,2007,0
1298,375000.0,2.0,2.5,750,1430,2.0,0,0,3,750,0,2006,0
1300,479000.0,3.0,1.0,1370,3000,1.5,0,0,3,1370,0,1924,2011
1303,501000.0,2.0,1.0,1010,4320,1.0,0,0,5,1010,0,1924,1956
1315,276000.0,3.0,1.0,1140,5000,1.0,0,0,3,1140,0,1960,2012
1322,468000.0,2.0,1.0,1160,6000,1.0,0,0,4,860,300,1942,1982
1323,477000.0,4.0,2.75,1720,6270,2.0,0,0,3,1720,0,1978,0
1324,529000.0,3.0,1.0,1210,3328,1.5,0,0,4,1210,0,1924,0
1325,312000.0,3.0,1.5,1255,1374,3.0,0,0,3,1255,0,2004,2003
1326,326100.0,2.0,1.0,880,7683,1.0,0,0,3,880,0,1942,1999
1327,360000.0,3.0,1.0,1050,9206,1.5,0,0,3,1050,0,1954,2005
1330,1050000.0,4.0,2.5,2920,7200,1.0,0,3,3,1470,1450,1921,2006
1331,688000.0,4.0,3.0,3000,4000,1.5,0,3,3,1970,1030,1913,2014
1336,160000.0,2.0,1.0,1180,9350,1.0,0,0,3,1180,0,1918,0
1337,1570000.0,4.0,3.75,3070,5850,2.0,0,0,5,2400,670,1927,0
1339,400000.0,2.0,1.0,1470,6120,1.0,0,0,2,1470,0,1940,0
1344,730001.0,3.0,2.0,1840,4750,1.0,0,0,5,1010,830,1951,0
1347,751750.0,2.0,2.0,1880,5400,1.5,0,0,3,1880,0,1902,0
1350,457500.0,3.0,1.75,1840,4030,1.0,0,0,5,1050,790,1925,0
1353,732000.0,3.0,2.5,2330,1987,2.0,0,4,3,1410,920,2004,2003
1355,1655000.0,4.0,3.5,3080,4815,2.0,0,3,3,2300,780,1937,2009
1356,535000.0,2.0,1.0,1040,5527,1.0,0,0,3,1040,0,1951,1994
1357,540000.0,4.0,4.25,1960,3565,2.0,0,0,3,1960,0,1940,2003
1358,525000.0,5.0,3.0,2750,3800,1.5,0,0,5,1750,1000,1926,0
1362,1100000.0,3.0,2.75,2640,4050,1.5,0,0,5,1750,890,1926,0
1371,499950.0,3.0,3.5,1820,1501,2.0,0,0,3,1430,390,2014,0
1373,329000.0,3.0,1.0,1600,5952,1.0,0,0,4,1150,450,1964,0
1376,435000.0,3.0,1.0,1270,4000,1.5,0,2,3,1270,0,1928,1954
1379,780000.0,3.0,3.0,2520,2152,1.5,0,0,3,1560,960,1925,2006
1380,345000.0,2.0,1.5,1180,844,2.0,0,0,3,990,190,2005,0
1384,967500.0,3.0,3.75,3250,5797,2.0,0,2,4,2370,880,1951,1999
1385,375000.0,3.0,1.5,2000,7294,1.0,0,0,3,1520,480,1965,1993
1386,1600000.0,3.0,3.25,3790,19000,2.0,0,4,3,3790,0,1985,0
1388,994000.0,3.0,2.25,2510,6339,1.5,0,2,5,1810,700,1932,2002
1392,675000.0,3.0,2.5,2540,7680,2.0,0,1,4,2540,0,1940,2001
1394,280000.0,3.0,1.0,1200,6250,1.0,0,0,3,920,280,1943,2002
1401,535000.0,4.0,2.5,2340,5600,2.0,0,0,3,2340,0,1921,2013
1402,427000.0,2.0,1.0,920,3780,1.0,0,0,3,920,0,1910,2006
1403,405000.0,2.0,1.0,910,6490,1.0,0,0,3,910,0,1942,1999
1404,480000.0,3.0,1.0,1150,4945,1.0,0,2,3,1150,0,1943,2002
1405,725000.0,3.0,1.5,2500,4774,1.5,0,2,3,1450,1050,1940,1996
1409,488000.0,3.0,2.5,1590,2550,3.0,0,0,3,1590,0,1985,0
1414,460000.0,3.0,3.5,1600,1431,2.0,0,0,3,1240,360,2006,0
1415,399950.0,3.0,3.0,1296,1051,3.0,0,0,3,1296,0,2009,0
1416,370000.0,2.0,2.25,1280,835,2.0,0,0,3,1080,200,2009,0
1420,495000.0,3.0,2.5,1750,1548,3.0,0,0,3,1750,0,2013,1923
1430,599000.0,4.0,2.75,2020,2750,1.0,0,0,3,1010,1010,1917,2014
1431,815000.0,4.0,2.25,2000,3800,2.0,0,0,3,2000,0,2001,0
1433,740000.0,2.0,1.75,2080,4800,1.0,0,0,5,1080,1000,1923,0
1435,925000.0,3.0,2.5,2690,7000,2.0,0,0,5,1840,850,1943,0
1436,1285000.0,4.0,2.5,3240,10800,1.0,0,0,3,2260,980,1946,0
1438,335000.0,4.0,2.0,1480,3132,1.0,0,0,5,740,740,1910,0
1439,840000.0,4.0,2.75,3040,2800,2.0,0,0,3,2100,940,1906,2014
1442,450000.0,3.0,1.0,1100,4600,1.0,0,0,3,1100,0,1917,2009
1443,681000.0,3.0,1.0,1700,6356,1.5,0,0,3,1700,0,1907,1983
1445,370000.0,3.0,1.0,800,2296,1.0,0,0,4,800,0,1908,0
1447,150000.0,3.0,1.0,820,7680,1.5,0,0,3,820,0,1910,2006
1457,432500.0,3.0,1.75,1980,5100,1.0,0,0,3,1270,710,1965,1993
1464,1175000.0,3.0,2.5,1970,23180,1.0,1,4,3,1100,870,1937,1998
1466,820000.0,3.0,2.5,2510,5503,2.0,0,2,3,2510,0,1995,0
1468,1400000.0,4.0,3.25,2980,7000,2.0,0,3,3,2140,840,1900,2014
1469,438750.0,3.0,1.75,1610,6480,1.0,0,0,4,1610,0,1947,1988
1470,1210000.0,4.0,2.75,3650,6982,2.0,0,2,4,2530,1120,1951,2003
1472,589000.0,3.0,1.0,1110,6000,1.5,0,0,5,1110,0,1932,2002
1473,590000.0,3.0,2.0,1650,6150,2.0,0,0,4,1650,0,1926,1993
1475,210000.0,2.0,1.5,880,1157,2.0,0,0,3,880,0,2007,0
1477,840500.0,3.0,2.0,2520,5400,1.5,0,0,4,1410,1110,1906,1990
1479,565000.0,7.0,4.5,4140,9066,1.0,0,0,3,2070,2070,1978,0
1483,380000.0,3.0,2.0,1660,8281,1.0,0,0,3,1660,0,1949,1998
1485,355000.0,2.0,1.0,1270,3200,1.0,0,0,4,960,310,1920,0
1486,277000.0,4.0,1.0,1450,6250,1.0,0,0,3,990,460,1964,2000
1488,270000.0,3.0,1.75,1300,4127,1.0,0,0,4,650,650,1918,1953
1489,700000.0,2.0,1.75,2320,5500,1.5,0,2,3,1720,600,1925,2000
1491,635000.0,3.0,2.5,2300,5500,1.5,0,0,4,2000,300,1921,0
1492,510250.0,3.0,1.75,1400,4000,1.0,0,0,3,870,530,1951,1994
1493,960000.0,4.0,2.25,2410,4560,2.0,0,2,5,1800,610,1929,0
1498,580000.0,5.0,2.0,1940,6000,1.0,0,0,5,970,970,1945,0
1500,1970000.0,8.0,3.5,4440,6480,2.0,0,3,5,3140,1300,1959,0
1501,285000.0,2.0,1.0,800,6240,1.0,0,0,3,800,0,1954,2005
1503,840000.0,4.0,1.75,2330,4000,2.0,0,0,5,1300,1030,1924,1956
1504,474800.0,2.0,3.25,1400,1243,3.0,0,0,3,1400,0,2000,0
1508,430000.0,3.0,3.75,3890,7140,1.0,0,2,3,2390,1500,1943,2007
1515,345000.0,2.0,1.0,1080,4000,1.0,0,0,3,1080,0,1940,1996
1516,875000.0,3.0,2.75,2280,4280,1.0,0,0,5,1280,1000,1917,0
1518,1400000.0,4.0,3.25,4700,9160,1.0,0,4,3,2520,2180,2005,0
1523,325000.0,2.0,2.5,1050,1609,2.0,0,0,3,1050,0,2005,0
1524,485000.0,4.0,1.0,1600,4300,1.5,0,0,4,1600,0,1916,0
1530,535000.0,3.0,2.5,1360,1016,3.0,0,0,3,1310,50,2003,0
1531,389000.0,2.0,1.0,910,7000,1.0,0,0,3,910,0,1952,2008
1532,400000.0,4.0,1.5,1390,7200,1.0,0,0,3,1140,250,1965,1993
1540,820000.0,4.0,2.25,2280,6660,1.5,0,2,3,1960,320,1940,1984
1542,436500.0,2.0,1.0,1260,5000,1.0,0,0,3,1040,220,1951,1994
1543,2453500.0,4.0,3.5,4730,13586,1.5,0,0,5,4270,460,1935,0
1545,680000.0,3.0,2.25,2330,4000,1.5,0,2,5,1520,810,1927,0
1546,750500.0,5.0,3.0,2170,2440,1.5,0,0,4,1450,720,1911,1966
1547,550000.0,5.0,2.0,2450,9488,1.0,0,0,4,1240,1210,1900,1955
1549,619000.0,4.0,2.0,2300,3400,1.5,0,0,5,1550,750,1915,0
1551,300000.0,2.0,1.0,820,3844,1.0,0,0,4,820,0,1916,0
1554,400000.0,4.0,2.75,1240,3867,1.0,0,0,3,800,440,1987,2000
1556,450000.0,4.0,2.0,2240,7725,1.0,0,0,5,1120,1120,1956,0
1557,595000.0,3.0,2.0,1480,5000,1.0,0,0,4,750,730,1928,0
1559,155000.0,3.0,1.0,1250,6250,1.0,0,0,2,1030,220,1949,0
1562,529000.0,3.0,1.0,1590,6420,1.0,0,0,3,1590,0,1944,0
1564,635200.0,4.0,1.75,1640,4240,1.0,0,0,5,920,720,1921,0
1565,540000.0,3.0,1.5,2600,5085,1.0,0,0,4,1400,1200,1940,2001
1566,402000.0,2.0,1.0,710,1173,2.0,0,0,4,710,0,1943,0
1568,329932.0,3.0,1.5,1460,5040,1.0,0,0,3,1100,360,1971,0
1574,445000.0,4.0,1.75,1990,4725,1.5,0,0,4,1190,800,1944,0
1576,395000.0,2.0,1.0,1320,1824,1.5,0,0,4,1320,0,1909,1989
1577,510000.0,3.0,1.5,2240,3800,2.0,0,0,3,1370,870,1929,0
1584,1425000.0,4.0,4.25,4960,6000,2.5,0,0,3,3680,1280,1909,2003
1588,685000.0,3.0,1.75,1940,7313,1.0,0,1,4,1440,500,1960,2001
1591,350000.0,4.0,2.5,2040,22653,2.0,0,0,3,2040,0,2011,0
1592,305000.0,2.0,2.25,1000,905,3.0,0,0,3,1000,0,2006,0
1593,645000.0,3.0,3.25,1730,1229,2.0,0,2,3,1320,410,2008,0
1594,385000.0,3.0,1.0,1220,4800,1.0,0,0,3,1220,0,1901,0
1599,425000.0,3.0,1.75,1680,3000,1.0,0,2,4,840,840,1900,1971
1601,369000.0,3.0,2.0,1550,8509,1.0,0,0,3,1150,400,1959,1989
1604,650000.0,2.0,2.5,1740,2500,2.0,0,2,3,1210,530,1994,0
1605,299950.0,3.0,1.0,1210,9525,1.0,0,0,3,1210,0,1955,2005
1608,715000.0,4.0,1.75,3420,7200,1.0,0,3,5,1770,1650,1947,0
1609,659000.0,4.0,2.5,3190,11375,1.0,0,0,5,2210,980,1946,0
1610,490000.0,3.0,1.75,1920,5405,1.0,0,2,4,960,960,1947,1988
1612,750000.0,3.0,1.75,1700,8400,1.0,0,0,3,1460,240,1947,2012
1613,700000.0,4.0,2.5,2310,3570,1.5,0,0,3,1490,820,1927,2014
1617,1365000.0,3.0,2.5,2090,6000,1.5,0,0,4,2090,0,1928,0
1619,330000.0,2.0,2.5,1240,1546,2.0,0,0,3,1240,0,2007,0
1621,560000.0,3.0,1.5,2000,7350,1.0,0,0,3,2000,0,1953,0
1625,315000.0,3.0,2.0,1060,5750,1.0,0,0,3,1060,0,1981,2013
1627,399000.0,2.0,1.0,940,4800,1.0,0,0,4,940,0,1911,1955
1631,740000.0,5.0,3.75,3990,18897,2.0,0,0,3,3090,900,1937,2010
1632,280000.0,2.0,1.0,1880,7560,1.0,0,0,3,940,940,1919,2001
1635,750000.0,4.0,2.75,2600,4674,1.0,0,0,3,1560,1040,1976,0
1638,427000.0,5.0,2.75,2220,4000,1.0,0,0,3,1230,990,1973,2013
1640,735000.0,4.0,3.0,2840,4120,1.5,0,0,4,2060,780,1931,0
1642,240000.0,3.0,2.0,1330,6000,1.0,0,0,4,630,700,1900,1971
1643,645500.0,2.0,1.0,1890,5202,1.5,0,0,4,1890,0,1909,1989
1647,325000.0,3.0,1.75,2180,10230,1.0,0,0,4,1090,1090,1961,2001
1650,919204.0,4.0,3.5,3760,5000,2.0,0,0,3,2860,900,2014,0
1657,615000.0,3.0,2.25,1760,1146,3.0,0,0,3,1760,0,2014,0
1660,1505000.0,4.0,3.5,3480,7232,2.0,0,0,3,2580,900,1926,2010
1663,250000.0,1.0,1.0,750,4000,1.0,0,0,3,750,0,1918,0
1664,315000.0,3.0,1.0,960,6634,1.0,0,0,3,960,0,1952,2008
1665,404000.0,3.0,1.5,2030,8880,1.0,0,0,3,1330,700,1963,2008
1667,285000.0,2.0,2.5,1380,1073,2.0,0,0,3,1140,240,2011,0
1668,500000.0,3.0,2.0,1720,5525,1.0,0,2,5,960,760,1941,0
1669,380000.0,2.0,1.0,1210,4800,1.0,0,0,3,1060,150,1950,2005
1670,469000.0,3.0,1.0,950,4250,1.5,0,0,5,950,0,1948,1985
1671,405000.0,2.0,1.75,1710,4234,2.0,0,0,3,1330,380,1920,1979
1677,629000.0,3.0,2.0,1760,5000,1.0,0,0,5,960,800,1920,0
1678,395000.0,1.0,1.0,730,3000,1.0,0,0,3,730,0,1911,1979
1679,965000.0,4.0,2.5,2460,5000,2.0,0,0,5,1620,840,1938,0
1680,820000.0,3.0,1.75,2160,6272,1.0,0,0,4,1390,770,1960,2001
1681,661000.0,4.0,2.25,1990,4600,1.5,0,2,4,1420,570,1932,1958
1688,686000.0,3.0,1.5,1840,9990,2.0,0,0,5,1840,0,1961,0
1692,430000.0,2.0,1.0,990,4802,1.0,0,0,3,990,0,1947,2012
1694,809000.0,4.0,1.5,1840,4337,2.0,0,0,4,1840,0,1917,0
1695,440150.0,2.0,1.0,1110,6800,1.0,0,0,5,1000,110,1947,0
1698,455000.0,2.0,1.0,1170,6000,1.0,0,0,4,970,200,1941,1998
1699,635000.0,3.0,2.5,1960,7200,1.0,0,0,4,980,980,1940,2001
1703,985000.0,3.0,1.75,1670,5400,2.0,0,0,5,1670,0,1912,0
1704,465500.0,3.0,1.75,1890,7004,1.0,0,0,3,1290,600,1965,1993
1707,730000.0,4.0,2.0,2360,6000,1.0,0,0,5,1260,1100,1939,0
1711,550000.0,3.0,2.0,1810,4064,1.5,0,0,3,1810,0,1925,2002
1723,345000.0,3.0,1.75,1990,5650,1.0,0,1,3,1320,670,1963,2008
1726,342000.0,2.0,2.5,1175,1366,2.0,0,0,3,740,435,2005,0
1728,610000.0,5.0,2.5,3990,3839,1.0,0,0,4,1990,2000,1962,0
1729,455000.0,2.0,1.0,1140,5720,1.0,0,0,3,850,290,1947,2012
1730,540000.0,4.0,1.75,1720,4240,1.5,0,0,4,1460,260,1925,1968
1732,544000.0,3.0,1.5,1790,8203,1.5,0,1,3,1790,0,1910,2006
1737,400000.0,3.0,2.5,1495,936,3.0,0,0,3,1405,90,2006,0
1738,425000.0,3.0,2.25,1660,6000,1.0,0,0,3,1110,550,1979,2014
1740,650000.0,5.0,2.75,2550,5040,1.5,0,0,5,2550,0,1902,0
1741,850000.0,3.0,1.75,1370,3850,1.0,0,0,5,770,600,1911,1988
1742,930000.0,4.0,2.5,2200,4000,2.0,0,0,5,1430,770,1908,0
1743,530000.0,3.0,1.75,1250,6041,1.5,0,0,5,1250,0,1942,0
1745,500000.0,3.0,1.75,1620,4200,1.0,0,0,5,830,790,1945,0
1753,1100000.0,4.0,3.75,2930,3200,1.5,0,0,5,2130,800,1925,0
1757,689800.0,3.0,2.75,2390,9313,1.0,0,0,5,1390,1000,1942,0
1758,430000.0,3.0,2.0,1360,5120,1.5,0,0,4,910,450,1924,0
1759,785200.0,3.0,2.25,1840,3500,1.5,0,0,5,1540,300,1910,0
1765,835000.0,4.0,2.75,1550,4000,1.5,0,0,3,1550,0,1930,1997
1767,440000.0,2.0,1.0,1230,6600,1.0,0,0,3,1130,100,1906,2014
1770,613000.0,3.0,2.5,1350,3068,2.0,0,0,3,1350,0,1991,0
1772,660000.0,3.0,2.5,2290,2798,3.0,0,0,4,2290,0,1953,1983
1773,280000.0,2.0,1.5,1480,15641,1.0,0,0,4,1480,0,1940,2001
1775,235000.0,2.0,1.0,720,4840,1.0,0,0,4,720,0,1947,1988
1776,390000.0,3.0,2.0,1080,7236,1.0,0,0,5,1080,0,1947,0
1781,710000.0,3.0,2.0,2140,4923,1.0,0,0,4,1070,1070,1928,0
1783,312000.0,3.0,2.25,1540,5338,1.0,0,0,5,770,770,1954,0
1787,545000.0,3.0,1.75,1810,3000,1.5,0,0,4,1810,0,1903,0
1793,409950.0,2.0,1.75,1370,5125,1.0,0,0,5,1370,0,1944,0
1804,960000.0,4.0,3.0,4590,9150,2.0,0,0,3,3490,1100,1981,2013
1805,847000.0,5.0,1.0,2550,4623,2.5,0,0,4,2550,0,1905,0
1809,605000.0,3.0,2.0,2060,4040,1.0,0,0,4,1120,940,1947,1988
1810,425000.0,2.0,2.5,1140,1182,3.0,0,0,3,1140,0,2007,0
1814,210000.0,3.0,1.0,1110,7962,1.0,0,0,3,1110,0,1962,2003
1818,718000.0,3.0,1.0,1030,4958,1.0,0,0,5,1030,0,1952,1998
1831,320000.0,3.0,3.25,1530,1602,2.0,0,0,3,1140,390,2013,1923
1832,390000.0,3.0,2.25,1250,7500,1.0,0,0,5,1250,0,1942,0
1834,375000.0,4.0,1.75,2200,7475,1.0,0,0,5,1100,1100,1955,0
1835,240500.0,3.0,1.75,1460,10584,1.0,0,0,3,990,470,1997,0
1840,327500.0,3.0,1.0,1070,7140,1.0,0,0,3,1070,0,1989,0
1846,280000.0,2.0,1.0,960,4920,1.0,0,0,3,960,0,1942,1999
1849,865000.0,3.0,1.75,2090,4725,2.0,0,0,3,1610,480,1947,2013
1853,135000.0,1.0,1.0,790,13062,1.0,0,0,3,790,0,1942,1999
1854,437000.0,2.0,1.75,1500,6800,1.0,0,0,4,910,590,1942,1982
1858,2400000.0,5.0,3.25,3410,9088,2.0,0,3,3,2760,650,1912,1994
1861,175000.0,2.0,1.0,670,2378,1.0,0,0,3,670,0,1919,2001
1867,465000.0,3.0,1.0,910,4500,1.0,0,0,3,910,0,1948,1994
1868,540000.0,3.0,1.0,1050,4160,1.0,0,0,4,1050,0,1925,1968
1869,525000.0,3.0,2.0,1540,7800,1.0,0,0,3,1540,0,2004,2003
1872,760500.0,3.0,2.0,1990,3990,1.0,0,0,5,1130,860,1912,0
1885,519000.0,2.0,1.0,830,2820,1.0,0,0,4,830,0,1920,0
1887,317000.0,3.0,1.0,1010,5400,1.0,0,0,3,1010,0,1959,1989
1888,371000.0,3.0,1.5,1420,4500,1.0,0,0,3,1420,0,1959,1989
1891,499950.0,3.0,2.5,1520,2208,2.0,0,0,3,1040,480,2007,0
1892,375000.0,2.0,1.0,820,6250,1.0,0,0,4,820,0,1922,0
1893,640000.0,3.0,2.5,1690,1553,2.5,0,0,3,1690,0,2007,0
1897,989000.0,5.0,3.5,3280,4000,2.0,0,0,3,2440,840,2003,0
1902,365000.0,2.0,1.0,1250,8100,1.0,0,0,4,1250,0,1947,1988
1904,411715.0,3.0,1.75,1840,5101,1.0,0,0,5,1040,800,1952,1998
1907,489000.0,3.0,1.5,1020,9072,1.0,0,0,3,920,100,1930,1997
1912,355000.0,2.0,1.75,1650,4000,1.0,0,0,4,950,700,1947,1988
1913,742000.0,3.0,3.25,1540,704,3.0,0,0,3,1540,0,2011,0
1914,399950.0,3.0,1.5,2080,5244,1.0,0,0,3,1190,890,1959,1989
1924,767450.0,3.0,2.0,1630,7599,1.0,0,0,3,1630,0,2006,0
1926,586500.0,3.0,2.5,1780,1487,3.0,0,0,3,1600,180,2006,0
1928,455000.0,3.0,1.75,1420,1189,3.0,0,0,3,1420,0,2006,0
1933,620000.0,4.0,2.25,2400,5350,1.5,0,0,4,1460,940,1929,0
1934,269000.0,3.0,1.0,1690,4250,1.0,0,0,3,1020,670,1967,2011
1935,875000.0,3.0,3.5,3250,6000,2.0,0,0,3,2500,750,2001,0
1938,647500.0,3.0,1.75,1290,3870,1.0,0,0,5,1290,0,1916,0
1939,450000.0,4.0,1.0,2000,4676,1.5,0,0,3,1250,750,1916,1986
1940,440000.0,3.0,1.0,1050,7500,1.0,0,0,3,1050,0,1900,2005
1941,445000.0,4.0,2.5,2340,3784,2.0,0,0,3,2340,0,2008,0
1943,875000.0,5.0,2.5,2920,5568,2.0,0,0,3,2320,600,1906,2014
1948,495000.0,5.0,3.0,2440,4750,1.0,0,0,3,1450,990,2006,0
1951,1300000.0,6.0,4.5,3902,3880,3.0,0,4,4,2782,1120,1977,0
1956,546000.0,2.0,1.0,970,3400,1.0,0,0,3,970,0,1924,2011
1967,700000.0,3.0,1.75,1910,4800,1.0,0,0,3,1080,830,1959,1989
1970,640000.0,3.0,1.75,2340,4206,1.0,0,0,5,1170,1170,1917,0
1971,390000.0,3.0,2.0,1463,868,3.0,0,0,3,1463,0,2003,0
1972,466500.0,3.0,1.0,1430,3840,1.0,0,0,3,950,480,1945,2010
1979,356000.0,2.0,1.0,920,4095,1.0,0,0,4,920,0,1914,1945
1981,229000.0,2.0,1.0,1190,7408,1.0,0,0,3,830,360,1941,1994
1984,619000.0,4.0,1.75,1660,3800,1.5,0,0,3,1660,0,1926,2003
1985,547000.0,3.0,2.5,1480,8381,1.0,0,0,4,1480,0,1968,0
1987,499000.0,3.0,3.5,1690,1432,2.0,0,0,3,1360,330,2008,0
1992,453500.0,4.0,1.75,2000,6032,1.0,0,2,3,1300,700,1959,1989
1994,456000.0,4.0,1.75,1670,9886,1.0,0,0,5,1670,0,1947,0
1997,335000.0,3.0,2.0,1170,5360,1.0,0,0,3,1170,0,1919,2001
2001,605004.0,4.0,2.0,1370,4000,2.0,0,0,3,1370,0,1951,1994
2002,886000.0,4.0,2.0,2660,3900,1.5,0,0,4,1480,1180,1923,0
2009,465000.0,3.0,2.25,1530,1245,2.0,0,0,3,1050,480,2014,0
2010,584000.0,3.0,2.5,1480,1485,2.0,0,0,3,1280,200,2007,0
2011,275000.0,3.0,3.0,1390,1080,2.0,0,0,3,1140,250,2006,0
2012,324500.0,3.0,2.5,1660,3990,2.0,0,0,3,1660,0,2009,0
2013,700000.0,3.0,2.5,2050,4185,2.0,0,0,3,2050,0,2011,0
2014,385200.0,4.0,1.0,1550,7740,1.5,0,0,3,1550,0,1954,2005
2016,735000.0,4.0,2.5,2820,6180,2.0,0,0,3,2050,770,2013,1923
2017,389250.0,2.0,1.5,1490,4080,1.0,0,0,3,930,560,1956,2001
2019,545000.0,4.0,2.5,2040,6034,2.0,0,0,3,2040,0,1990,2009
2020,550000.0,3.0,1.5,1900,5000,1.5,0,0,3,1640,260,1926,2003
2029,500000.0,4.0,1.0,1720,4011,1.5,0,0,4,1720,0,1904,0
2036,920000.0,4.0,2.75,2880,5750,1.5,0,0,5,1710,1170,1928,1970
2038,435000.0,2.0,1.0,1260,4080,1.5,0,0,5,1260,0,1926,0
2040,1370000.0,2.0,2.25,2460,16940,1.5,0,4,4,1930,530,1936,0
2043,253500.0,2.0,1.0,810,4800,1.0,0,0,3,810,0,1948,1994
2050,595000.0,4.0,2.5,1990,2175,2.0,0,0,3,1680,310,2005,0
2052,660000.0,3.0,1.75,1980,3300,1.5,0,0,4,1140,840,1926,1993
2054,285000.0,2.0,1.0,780,5000,1.0,0,0,4,780,0,1943,0
2055,435000.0,3.0,2.0,980,5000,1.0,0,0,3,980,0,1940,1996
2061,1280000.0,4.0,3.5,3010,3600,2.0,0,0,3,2370,640,1999,0
2065,739000.0,4.0,3.0,2720,3800,2.0,0,0,5,1800,920,1919,1934
2066,452000.0,2.0,1.75,1740,5400,1.0,0,0,4,990,750,1946,1989
2068,279000.0,5.0,2.5,2690,5557,2.0,0,0,3,2690,0,2012,1912
2071,405000.0,2.0,2.0,1405,1073,2.0,0,0,3,1140,265,2007,0
2074,490000.0,3.0,3.0,1730,2940,3.0,0,0,3,1730,0,1985,0
2081,445000.0,2.0,1.0,1440,3225,1.0,0,0,3,960,480,1915,0
2084,455000.0,3.0,1.0,1300,3550,1.5,0,0,3,1300,0,1927,2011
2087,410000.0,3.0,1.0,1410,5060,1.0,0,0,4,910,500,1956,0
2088,450000.0,3.0,1.75,1640,13500,1.0,0,0,3,1110,530,1940,1996
2103,552000.0,2.0,2.5,1380,951,3.0,0,0,3,1380,0,2006,0
2107,378500.0,2.0,1.0,730,7528,1.0,0,0,3,730,0,1946,0
2112,304700.0,2.0,1.0,740,5995,1.0,0,0,4,740,0,1949,1985
2113,568000.0,3.0,1.75,2050,3520,1.0,0,0,4,1070,980,1977,0
2115,345000.0,3.0,2.5,1210,1420,3.0,0,0,3,1210,0,2008,0
2116,435000.0,3.0,2.25,1890,7200,1.0,0,0,4,1230,660,1973,0
2122,400000.0,2.0,1.0,1140,5100,1.0,0,0,3,1140,0,1942,1999
2123,440000.0,3.0,1.75,2240,8153,1.0,0,0,3,1120,1120,1948,1994
2124,417000.0,2.0,1.0,920,6600,1.0,0,0,3,920,0,1919,2003
2125,435000.0,2.0,1.0,800,5000,1.0,0,0,3,800,0,1906,2014
2134,831000.0,4.0,2.5,2030,3905,1.5,0,0,4,1630,400,1926,1993
2136,425000.0,2.0,1.0,910,4635,1.0,0,0,4,910,0,1905,0
2137,550000.0,4.0,2.5,2700,5100,1.0,0,0,4,1440,1260,1968,0
2140,750000.0,4.0,3.25,2050,5000,2.0,0,0,4,1370,680,1987,0
2147,550000.0,3.0,1.75,1380,3402,1.5,0,0,3,1380,0,1900,2000
2149,352750.0,2.0,1.75,1060,1241,2.0,0,0,3,960,100,2008,0
2150,403950.0,2.0,1.0,710,1136,2.0,0,0,4,710,0,1943,0
2151,980000.0,4.0,2.5,2730,4800,1.5,0,0,5,2230,500,1909,1988
2156,212500.0,2.0,2.0,1030,21712,1.0,0,0,4,1030,0,1938,0
2158,428000.0,3.0,2.0,1310,2550,1.0,0,0,3,780,530,1986,0
2161,559000.0,3.0,1.5,2070,5386,1.0,0,0,4,1140,930,1948,0
2163,620000.0,3.0,2.5,2590,7237,2.0,0,0,3,2590,0,2004,2003
2164,240000.0,4.0,1.0,1910,16320,1.5,0,0,3,1910,0,1934,1978
2172,489000.0,3.0,3.5,1500,1249,2.0,0,0,3,1240,260,2004,2003
2175,398000.0,3.0,2.5,1720,1715,2.0,0,0,3,1240,480,2004,2003
2177,345000.0,2.0,1.5,1340,1210,2.0,0,0,3,1120,220,2008,0
2178,365000.0,3.0,2.5,1800,2700,2.0,0,0,3,1800,0,2011,0
2179,315000.0,3.0,2.5,1480,1590,2.0,0,0,3,1150,330,2010,0
2180,571000.0,4.0,2.0,2750,7807,1.5,0,0,5,2250,500,1916,0
2187,420000.0,2.0,1.0,860,3880,1.0,0,0,4,860,0,1916,0
2189,700000.0,3.0,2.0,2080,3880,1.0,0,0,5,1160,920,1954,0
2192,800000.0,3.0,2.25,1620,4500,2.0,0,0,4,1620,0,1926,1993
2195,440000.0,3.0,1.5,1290,1286,3.0,0,0,3,1290,0,2000,0
2198,558000.0,4.0,2.0,2180,3870,1.0,0,0,3,1020,1160,1900,2005
2204,417500.0,4.0,1.0,1390,10800,1.5,0,0,4,1390,0,1941,1998
2206,1240000.0,5.0,3.0,2830,7500,2.0,0,0,3,2460,370,1923,1998
2211,480000.0,4.0,1.75,2320,4322,1.0,0,0,3,1140,1180,1910,2006
2213,659500.0,3.0,1.75,1820,5500,1.0,0,0,4,1620,200,1957,2001
2215,315000.0,2.0,1.0,1740,3622,1.0,0,0,4,950,790,1924,0
2217,268000.0,2.0,1.0,1380,5000,1.0,0,0,3,870,510,1943,2002
2219,499000.0,2.0,1.0,1220,3000,1.0,0,0,3,920,300,1926,2003
2222,1070000.0,3.0,3.0,2940,4622,2.0,0,0,4,2230,710,1988,0
2223,429000.0,3.0,3.25,1410,1246,3.0,0,0,3,1410,0,2005,0
2224,403000.0,2.0,1.0,1100,3598,1.0,0,0,4,1100,0,1926,1993
2227,516200.0,3.0,2.0,2110,5150,1.0,0,0,5,1080,1030,1919,1934
2233,870000.0,4.0,2.5,3340,12248,2.0,0,1,3,2470,870,1998,2006
2237,429950.0,3.0,1.5,2010,9480,1.0,0,0,3,1570,440,1951,1994
2241,310000.0,3.0,2.5,1780,6771,1.0,0,0,3,1230,550,1990,2009
2242,555000.0,3.0,2.0,2180,4976,1.5,0,2,4,1680,500,1930,0
2246,433000.0,3.0,1.75,1870,7189,1.0,0,0,3,1270,600,1959,1989
2253,566000.0,4.0,1.75,2440,5000,1.0,0,0,3,1340,1100,1954,2005
2254,700000.0,5.0,2.75,3100,9825,2.0,0,2,4,3100,0,1950,1982
2257,749000.0,3.0,1.0,1580,5000,1.5,0,0,3,1580,0,1926,2003
2258,680000.0,3.0,1.75,1760,8400,1.0,0,0,4,1460,300,1960,2001
2263,1059500.0,5.0,3.25,3230,3825,2.0,0,0,3,2480,750,2014,0
2267,499950.0,2.0,2.25,1060,1208,2.0,0,0,3,940,120,2005,0
2271,399950.0,2.0,1.0,710,1157,2.0,0,0,4,710,0,1943,0
2272,850830.0,3.0,2.5,2070,13241,1.5,0,0,5,1270,800,1910,0
2275,588000.0,4.0,2.0,1680,5000,1.0,0,0,3,980,700,1950,2005
2280,665000.0,6.0,3.0,4250,4400,2.5,0,0,4,3020,1230,1902,0
2282,527000.0,2.0,1.75,1640,4080,1.0,0,0,3,840,800,1921,2000
2283,487028.0,2.0,1.5,1295,1093,2.0,0,0,3,1105,190,2007,0
2285,799000.0,3.0,1.5,2210,6300,1.5,0,0,5,2210,0,1916,0
2288,262500.0,3.0,1.5,1160,8906,1.0,0,0,3,1160,0,1962,2003
2290,220000.0,3.0,1.0,1050,6300,1.0,0,0,3,1050,0,1942,1999
2291,650000.0,2.0,1.0,1030,5750,1.0,0,0,5,1030,0,1928,1970
2292,435000.0,3.0,2.5,1420,2581,3.0,0,0,3,1420,0,2004,2003
2293,800000.0,4.0,3.75,2690,4000,2.0,0,3,4,2120,570,1909,1989
2296,295000.0,5.0,3.5,2100,5107,2.0,0,0,3,1410,690,1999,0
2307,1085000.0,5.0,2.5,2340,6000,2.0,0,0,4,2340,0,1922,0
2308,371000.0,3.0,1.0,890,7200,1.0,0,0,3,890,0,1951,1994
2309,514000.0,3.0,1.75,1720,5899,1.0,0,1,3,1220,500,1986,0
2310,386000.0,3.0,1.5,1270,1318,2.0,0,0,3,1080,190,2004,2003
2313,740000.0,4.0,2.75,2490,17833,2.0,0,2,3,1490,1000,1979,2014
2314,465000.0,4.0,1.75,1470,5350,1.0,0,0,3,980,490,1955,2005
2315,700000.0,3.0,2.75,2500,7378,1.0,0,0,5,1390,1110,1948,1985
2317,350000.0,3.0,3.25,1460,1592,2.0,0,0,3,1130,330,2006,0
2318,148000.0,1.0,1.0,620,8261,1.0,0,0,3,620,0,1939,1969
2319,530000.0,3.0,1.75,1550,3680,1.0,0,0,3,1050,500,1927,2011
2320,349000.0,3.0,2.5,1430,1002,3.0,0,0,3,1430,0,2002,0
2323,735000.0,4.0,1.75,2460,5100,1.5,0,0,5,1450,1010,1909,1988
2327,476000.0,3.0,1.0,1140,5500,1.5,0,0,4,1140,0,1908,0
2328,2888000.0,5.0,6.25,8670,64033,2.0,0,4,3,6120,2550,1965,2003
2329,110000.0,2.0,1.0,800,15000,1.0,0,0,3,800,0,1927,2011
2331,317000.0,3.0,1.0,1160,8813,1.0,0,0,3,1160,0,1952,2008
2334,460000.0,3.0,2.0,2060,4437,1.0,0,0,3,1030,1030,1929,0
2335,405000.0,3.0,2.0,1640,7201,1.0,0,0,3,1640,0,1948,1994
2336,333000.0,2.0,1.0,720,6686,1.0,0,0,3,720,0,1942,1999
2337,427000.0,4.0,1.0,1860,4736,1.5,0,0,1,1860,0,1901,0
2341,619400.0,4.0,2.0,2090,3610,1.5,0,0,5,1790,300,1927,0
2344,881000.0,5.0,3.0,2510,4125,1.5,0,3,5,1590,920,1925,0
2345,813000.0,4.0,2.75,3370,6675,1.0,0,3,4,1920,1450,1948,0
2349,547500.0,3.0,3.5,1650,2262,3.0,0,0,3,1650,0,2010,0
2350,399950.0,2.0,1.0,710,1131,2.0,0,0,4,710,0,1943,0
2352,250000.0,2.0,1.5,982,846,2.0,0,0,3,806,176,2006,0
2355,545000.0,2.0,1.25,1240,2150,2.0,0,0,3,1240,0,2014,0
2364,2250000.0,5.0,4.25,4860,9453,1.5,0,1,5,3100,1760,1905,0
2365,1095000.0,0.0,0.0,3064,4764,3.5,0,2,3,3064,0,1990,2009
2366,315000.0,2.0,1.0,970,5665,1.0,0,0,4,970,0,1908,0
2369,678500.0,3.0,2.0,2460,6600,1.0,0,2,4,1370,1090,1952,0
2373,580000.0,5.0,2.0,2060,6000,2.0,0,0,3,2060,0,1903,2005
2378,445000.0,3.0,1.0,1050,5664,1.0,0,0,4,910,140,1947,1988
2379,585000.0,3.0,2.5,1910,1501,2.5,0,0,3,1530,380,2007,0
2383,480000.0,3.0,2.5,1250,1103,3.0,0,2,3,1250,0,2005,0
2384,575000.0,2.0,1.0,1510,4032,1.5,0,0,3,1310,200,1935,1974
2385,350000.0,4.0,2.25,2300,4600,1.5,0,0,4,1340,960,1904,0
2387,599000.0,5.0,2.75,2820,4608,1.0,0,0,3,1450,1370,1967,2011
2389,1184000.0,4.0,2.5,3200,7500,1.5,0,1,5,1860,1340,1948,1985
2390,545000.0,3.0,1.0,1510,5000,1.5,0,0,3,1510,0,1909,2004
2392,440000.0,3.0,1.0,1210,5750,1.5,0,0,4,1210,0,1910,0
2395,445000.0,5.0,1.75,2460,6846,1.5,0,0,5,1340,1120,1911,1984
2396,397990.0,3.0,1.0,1180,11862,1.0,0,0,4,1180,0,1948,0
2397,706000.0,3.0,2.75,1900,6400,1.0,0,0,5,1410,490,1942,0
2398,363000.0,3.0,3.25,1651,1779,2.0,0,0,3,1341,310,2008,0
2400,620000.0,2.0,1.0,1430,3000,1.5,0,0,3,1300,130,1929,0
2404,448000.0,2.0,1.5,1630,3780,1.0,0,0,4,890,740,1940,2001
2409,670000.0,3.0,2.5,2050,6420,1.0,0,3,3,1730,320,1956,2001
2410,310000.0,5.0,3.0,1880,5000,1.0,0,0,3,1100,780,1997,0
2412,1688000.0,4.0,2.5,3000,7500,2.0,0,0,3,3000,0,1937,1994
2413,495000.0,4.0,2.5,2140,7245,2.0,0,0,3,2140,0,2003,0
2415,440000.0,3.0,1.0,1710,6556,1.5,0,0,4,1200,510,1926,1993
2416,280000.0,1.0,0.75,420,6720,1.0,0,0,3,420,0,1922,2008
2422,656500.0,4.0,2.0,2710,4750,1.0,0,0,4,1460,1250,1919,1985
2423,660000.0,3.0,3.0,2340,2970,2.0,0,0,5,2160,180,1925,0
2427,560000.0,4.0,1.75,1880,3880,1.5,0,0,4,1090,790,1944,0
2428,594000.0,4.0,1.75,1870,5200,2.0,0,0,4,1200,670,1937,0
2429,600000.0,3.0,2.25,1480,5400,2.0,0,0,4,1480,0,1914,1945
2431,430000.0,4.0,1.75,1890,6000,1.0,0,0,4,1110,780,1947,1988
2433,312500.0,2.0,1.5,1070,1200,2.0,0,0,3,1070,0,1999,0
2435,300000.0,3.0,3.25,1470,1235,2.0,0,0,3,1180,290,2008,0
2438,822500.0,5.0,3.5,2320,4960,2.0,0,0,5,1720,600,1926,0
2443,1125000.0,6.0,3.75,3010,4360,2.0,0,0,3,2000,1010,2014,0
2444,285000.0,3.0,1.75,1840,8601,1.0,0,0,3,920,920,1905,2014
2449,370000.0,2.0,1.0,900,4600,1.0,0,0,3,900,0,1951,1994
2452,1030000.0,4.0,2.5,2750,4800,2.0,0,0,3,1960,790,1905,2005
2453,775000.0,4.0,2.0,3140,10875,1.0,0,1,3,1940,1200,1939,1969
2454,1335000.0,5.0,2.25,4200,5800,2.5,0,0,4,2910,1290,1906,1990
2456,499950.0,3.0,1.0,1830,3000,1.5,0,0,3,1430,400,1926,2003
2462,153000.0,3.0,1.0,1270,6405,1.5,0,0,3,1270,0,1944,0
2465,585000.0,3.0,1.0,1870,2807,1.5,0,0,4,1580,290,1927,0
2470,369500.0,3.0,1.5,1650,9957,1.0,0,0,4,1100,550,1961,2001
2474,305000.0,3.0,1.5,1210,5240,1.0,0,0,4,610,600,1983,0
2477,215000.0,2.0,1.0,710,7200,1.0,0,0,3,710,0,1943,2002
2482,910000.0,5.0,2.5,2350,4000,2.0,0,0,3,2350,0,1993,0
2485,513000.0,4.0,2.75,2020,7070,1.0,0,0,5,1010,1010,1958,0
2489,1120000.0,5.0,1.5,2540,6660,2.0,0,3,4,2340,200,1954,1979
2493,385000.0,3.0,2.25,1920,4833,1.0,0,0,4,1060,860,1921,0
2496,330000.0,3.0,2.5,1070,1155,2.0,0,0,3,720,350,2005,0
2498,799000.0,3.0,2.5,2860,4442,2.0,0,0,3,2860,0,2000,0
2499,589000.0,3.0,2.0,2250,8800,1.0,0,0,4,1250,1000,1925,1968
2500,1695000.0,2.0,2.25,3170,3000,2.0,0,2,5,1990,1180,1900,0
2501,538000.0,3.0,1.0,1460,7200,1.0,0,0,3,1260,200,1906,2014
2502,530100.0,3.0,1.0,1540,3399,1.5,0,0,3,1200,340,1926,2003
2503,718500.0,3.0,2.0,2910,6600,2.0,0,0,4,1920,990,1900,1988
2505,556000.0,3.0,1.75,1640,7437,1.0,0,0,3,1090,550,1948,1994
2510,575000.0,3.0,3.0,1384,1287,2.0,0,0,3,1144,240,2006,0
2515,530000.0,3.0,2.5,1930,7214,2.0,0,0,3,1930,0,2005,0
2518,496752.0,2.0,1.0,1980,5000,1.0,0,0,4,1090,890,1923,0
2519,330000.0,3.0,1.75,1430,8865,1.0,0,0,3,1430,0,1950,2005
2524,520500.0,3.0,2.0,1900,8100,1.0,0,0,4,950,950,1940,2001
2529,460000.0,3.0,1.75,1550,4708,1.0,0,0,4,860,690,1949,1985
2533,1735000.0,4.0,2.25,3040,5000,2.0,0,3,4,2080,960,1926,1993
2535,763101.0,3.0,1.75,1990,5560,1.0,0,0,4,1100,890,1939,1989
2536,460000.0,2.0,1.5,1090,4000,1.0,0,0,3,970,120,1951,1994
2537,825000.0,4.0,1.5,1890,6938,1.5,0,0,3,1890,0,1919,2001
2540,418000.0,4.0,3.0,2360,6250,1.0,0,2,3,1460,900,1960,2012
2543,690000.0,2.0,1.75,1600,4000,1.0,0,0,5,850,750,1918,0
2546,300000.0,5.0,3.0,1940,6355,1.0,0,0,3,1200,740,2007,0
2548,385000.0,4.0,1.75,1690,4080,1.0,0,0,4,870,820,1984,0
2549,415000.0,4.0,2.0,1800,2970,1.0,0,0,4,1000,800,1923,0
2553,235000.0,2.0,1.5,880,1805,2.0,0,0,3,880,0,1999,0
2554,667000.0,3.0,1.5,1720,8100,2.0,0,0,3,1720,0,1907,1983
2556,375000.0,4.0,2.0,1240,3000,1.0,0,0,3,1040,200,1908,1988
2560,332000.0,1.0,1.0,960,2640,1.0,0,0,3,760,200,1908,1988
2565,1095000.0,4.0,4.0,3530,8400,2.0,0,0,5,2630,900,1958,0
2566,277000.0,3.0,1.0,1100,8536,1.0,0,0,4,1100,0,1957,2001
2576,660000.0,6.0,1.75,1840,2774,1.0,0,0,3,1060,780,1900,2005
2578,524000.0,2.0,1.0,1120,2000,1.5,0,0,3,1120,0,1910,2006
2579,470000.0,3.0,1.5,1760,6723,1.0,0,0,3,1160,600,1958,2004
2583,460000.0,2.0,1.0,890,2100,1.0,0,0,4,760,130,1919,1985
2584,1712500.0,3.0,3.25,2940,5432,3.0,0,3,4,2440,500,1978,2000
2587,552000.0,3.0,1.0,1120,2300,1.0,0,0,4,820,300,1912,1989
2591,373000.0,3.0,1.0,1770,5720,1.5,0,0,4,1140,630,1926,1993
2593,245000.0,2.0,1.0,1200,4880,1.0,0,0,3,980,220,1943,2002
2596,450000.0,6.0,2.25,3550,11780,1.0,0,0,4,2960,590,1948,0
2598,650000.0,4.0,2.75,2610,4160,3.0,0,0,5,1910,700,1910,0
2599,378000.0,5.0,2.5,2760,8015,1.0,0,0,4,1600,1160,1960,2001
2602,340000.0,3.0,2.5,1212,1174,3.0,0,0,3,1212,0,2004,2003
2606,335000.0,3.0,1.5,2040,6000,1.0,0,0,3,1340,700,1957,2000
2611,523950.0,3.0,2.25,1420,1282,3.0,0,0,3,1420,0,2006,0
2615,320000.0,3.0,2.25,1200,1400,3.0,0,0,3,1200,0,2005,0
2617,468500.0,3.0,2.5,1350,1186,2.0,0,0,3,1120,230,2007,0
2619,685000.0,4.0,3.5,2840,4637,3.0,0,0,3,2840,0,2008,0
2621,435000.0,3.0,2.0,1980,2674,3.0,0,0,3,1980,0,2007,0
2625,210000.0,1.0,1.0,930,7129,1.0,0,0,3,930,0,1948,1994
2627,560000.0,5.0,1.0,1710,9100,1.5,0,0,4,1320,390,1926,1993
2632,473000.0,2.0,1.0,900,5100,1.0,0,0,4,900,0,1909,1989
2634,870000.0,4.0,4.25,3010,4887,2.0,0,3,4,1940,1070,1951,1996
2635,475000.0,3.0,2.25,2280,5750,1.0,0,1,4,1150,1130,1985,0
2638,458000.0,4.0,1.5,1550,3000,1.5,0,0,3,1350,200,1918,0
2649,547000.0,4.0,1.0,1720,2800,1.5,0,0,4,1200,520,1926,1993
2650,379900.0,5.0,3.5,2800,7350,2.0,0,0,3,2800,0,1995,0
2653,342000.0,2.0,1.0,740,6180,1.0,0,0,3,740,0,1948,1994
2657,640000.0,3.0,2.0,1380,4800,1.0,0,0,3,1380,0,1948,1994
2659,1010000.0,3.0,3.25,2420,1923,2.0,0,2,3,1840,580,2006,0
2662,1008000.0,4.0,3.5,2650,3060,2.0,0,0,3,2060,590,2001,0
2667,320000.0,3.0,1.0,860,5060,1.5,0,0,3,860,0,1927,2011
2671,479000.0,2.0,2.25,1230,932,2.0,0,0,3,1020,210,2004,2003
2673,472000.0,3.0,2.5,1180,1262,3.0,0,0,3,1180,0,2010,0
2679,560000.0,3.0,2.0,2340,3477,1.0,0,1,5,1170,1170,1971,0
2683,549000.0,2.0,2.5,1380,953,3.0,0,0,3,1380,0,2006,0
2688,729000.0,3.0,1.0,1580,3840,2.0,0,0,3,1580,0,1908,1988
2689,465000.0,2.0,2.75,1430,1425,2.0,0,0,3,995,435,2006,0
2692,675000.0,6.0,1.75,2740,6360,1.0,0,3,3,1370,1370,1953,0
2693,667500.0,3.0,2.0,1880,3800,1.0,0,0,5,1030,850,1927,0
2696,310000.0,4.0,2.0,1870,6000,1.5,0,0,3,1870,0,1956,2001
2697,435000.0,2.0,1.0,1230,3800,1.0,0,0,3,1230,0,1928,1954
2700,253000.0,3.0,1.5,880,6600,1.0,0,0,5,880,0,1945,0
2702,554000.0,4.0,1.0,1120,7104,1.5,0,0,3,1120,0,1946,0
2703,350000.0,3.0,2.0,1380,3600,3.0,0,0,3,1380,0,2013,1923
2705,1185001.0,3.0,2.75,2500,5568,2.0,0,0,5,2500,0,1905,0
2712,2475000.0,3.0,3.25,4340,4947,2.0,0,3,3,3060,1280,1993,0
2715,430000.0,3.0,1.0,980,7200,1.0,0,0,4,980,0,1950,1983
2717,824000.0,7.0,4.25,3670,4000,2.0,0,1,3,2800,870,1964,2000
2718,936000.0,3.0,1.75,2960,12420,1.0,0,2,4,1480,1480,1952,0
2721,350000.0,2.0,2.5,1260,1347,3.0,0,0,3,1260,0,2005,0
2723,435000.0,3.0,2.25,1230,1238,2.0,0,0,3,1080,150,2009,0
2724,1555000.0,3.0,3.5,4360,6240,2.0,0,3,3,2960,1400,2008,0
2732,475000.0,3.0,1.75,1700,8432,1.0,0,0,3,1230,470,1977,2004
2739,555000.0,3.0,1.75,2040,6000,1.0,0,0,5,1120,920,1958,0
2744,384400.0,3.0,3.25,1689,1388,3.0,0,0,3,1689,0,2008,0
2745,646000.0,5.0,2.75,2870,4461,1.0,0,0,3,1650,1220,1976,0
2746,415000.0,3.0,1.75,1270,4800,1.0,0,0,3,1270,0,1952,2014
2749,545500.0,3.0,2.5,1560,9361,1.5,0,0,4,1360,200,1936,0
2750,450000.0,3.0,1.75,1180,4080,1.0,0,0,4,760,420,1928,0
2752,650000.0,5.0,1.75,1260,4500,1.5,0,0,3,1260,0,1926,2003
2754,343566.0,2.0,1.0,1100,4200,1.0,0,0,3,1100,0,1954,2005
2765,190000.0,1.0,1.0,720,4800,1.0,0,0,3,720,0,1914,1996
2767,1400000.0,3.0,2.0,2020,5500,1.5,0,3,3,1790,230,1937,1999
2770,175000.0,2.0,1.0,660,5000,1.0,0,0,3,660,0,1915,0
2775,175000.0,6.0,1.0,1370,5080,1.5,0,0,3,1120,250,1931,0
2780,559000.0,2.0,1.0,1240,6400,1.0,0,1,4,1060,180,1938,0
2783,240000.0,2.0,1.0,670,10920,1.0,0,0,3,670,0,1942,1999
2787,300000.0,3.0,2.5,1700,3575,2.0,0,0,3,1700,0,2000,0
2793,400000.0,3.0,1.75,1050,6150,1.5,0,0,4,950,100,1928,0
2800,825000.0,4.0,3.5,3810,9792,2.0,0,0,3,3810,0,1938,2013
2801,855000.0,4.0,2.25,2190,4080,2.0,0,0,3,1800,390,1918,0
2805,465000.0,3.0,1.75,1510,4800,1.0,0,2,3,860,650,1925,2011
2808,515000.0,3.0,3.5,1360,1419,2.0,0,0,3,1040,320,2007,0
2810,309000.0,3.0,2.25,1490,1294,2.0,0,0,3,1220,270,2010,0
2816,485000.0,2.0,2.5,1430,923,3.0,0,0,3,1410,20,2008,0
2817,482000.0,3.0,3.25,1380,1120,3.0,0,0,3,1380,0,2008,0
2819,690000.0,3.0,3.25,1540,1428,3.0,0,0,3,1540,0,2013,1923
2820,576000.0,3.0,2.5,1940,9000,1.0,0,0,4,970,970,1948,0
2821,378750.0,3.0,2.5,2160,3000,1.5,0,0,3,1260,900,1909,2011
2825,1525000.0,4.0,3.25,3620,5131,2.0,0,3,4,2350,1270,1927,0
2827,405000.0,2.0,1.0,1260,4377,1.0,0,0,4,1260,0,1947,1988
2829,703000.0,3.0,2.0,1360,5980,1.5,0,0,3,1360,0,1945,2008
2832,464000.0,3.0,1.0,1320,3625,2.0,0,0,3,1320,0,1900,2005
2833,945000.0,2.0,2.5,2540,7089,2.0,0,0,3,2540,0,2004,2003
2837,1325000.0,4.0,2.5,2440,3600,2.5,0,0,4,2440,0,1902,0
2840,799000.0,4.0,2.5,2590,7910,2.0,0,0,3,2590,0,2001,0
2841,1309500.0,4.0,4.5,4750,13912,2.0,0,2,3,3600,1150,2005,0
2845,590300.0,3.0,1.5,1470,7200,2.0,0,0,4,1470,0,1907,0
2851,506000.0,2.0,1.0,1570,8210,1.0,0,0,4,1150,420,1952,0
2853,285000.0,3.0,1.0,1210,4731,1.5,0,0,3,1210,0,1901,0
2854,311000.0,3.0,1.75,1900,3000,1.5,0,0,5,1070,830,1903,0
2856,435000.0,3.0,1.75,1310,8065,1.0,0,0,4,1310,0,1948,0
2858,1440000.0,3.0,3.5,3870,3819,2.0,0,0,3,2760,1110,2002,0
2860,756000.0,4.0,2.25,2160,5600,1.0,0,0,5,1080,1080,1947,0
2861,248000.0,4.0,2.0,2080,13510,1.0,0,0,3,1040,1040,1950,2005
2866,399888.0,4.0,2.25,1820,8255,1.5,0,0,4,1320,500,1930,0
2868,899000.0,4.0,2.25,2370,6000,1.0,0,2,3,1440,930,1959,1989
2875,436000.0,2.0,1.0,790,6600,1.0,0,0,3,790,0,1949,1998
2878,680000.0,6.0,2.0,1670,3000,1.0,0,0,5,900,770,1911,1984
2882,549000.0,4.0,1.75,1290,3060,2.0,0,0,4,1290,0,1906,1990
2884,618250.0,4.0,3.25,2520,3360,1.5,0,0,4,1550,970,1931,0
2886,850000.0,2.0,1.75,1590,5136,1.5,0,3,3,1320,270,1927,2011
2887,930000.0,5.0,2.0,3530,9385,1.5,0,0,3,3530,0,1925,2002
2891,499000.0,3.0,1.75,1840,5000,1.0,0,0,4,920,920,1910,0
2892,507000.0,3.0,2.5,2120,7201,2.0,0,0,3,2120,0,2003,0
2896,646000.0,4.0,2.5,2310,4079,2.0,0,0,3,2310,0,2008,0
2898,475000.0,3.0,2.5,950,1110,2.0,0,0,3,950,0,2003,0
2901,319950.0,2.0,1.0,920,8341,1.0,0,0,3,920,0,1939,1969
2908,543000.0,3.0,2.25,1240,949,3.0,0,0,3,1240,0,2008,0
2909,607500.0,3.0,3.25,1530,1612,3.0,0,0,3,1530,0,2006,0
2918,395000.0,3.0,1.0,1500,4000,1.0,0,0,3,900,600,1925,2002
2923,600000.0,2.0,1.0,1040,3600,1.0,0,0,4,1040,0,1919,1980
2929,450000.0,3.0,2.0,1430,3480,1.0,0,0,3,980,450,1947,2012
2931,480000.0,4.0,1.0,2080,5500,1.0,0,0,3,1040,1040,1941,1994
2932,850000.0,3.0,2.25,2870,8170,2.0,0,0,3,2250,620,1995,0
2934,380000.0,3.0,1.5,1520,4288,1.0,0,0,3,1020,500,1949,1998
2936,359950.0,3.0,2.25,1940,11612,1.0,0,0,4,1100,840,1981,0
2937,665900.0,4.0,2.25,2870,5453,2.0,0,1,4,2220,650,1926,1993
2941,547000.0,5.0,2.5,2200,4080,1.5,0,0,5,1420,780,1916,0
2943,640000.0,2.0,1.75,1760,4400,1.0,0,0,4,880,880,1930,0
2946,587206.0,3.0,3.5,1890,1710,2.0,0,0,3,1640,250,1999,0
2948,511500.0,4.0,1.0,1360,6000,1.5,0,0,3,1360,0,1917,2009
2955,412000.0,2.0,1.0,1260,3960,1.0,0,0,3,690,570,1925,2002
2956,400000.0,3.0,1.0,1430,10005,1.5,0,0,4,1430,0,1950,1983
2966,250000.0,1.0,1.0,800,16306,1.0,0,0,2,680,120,1931,0
2971,1300000.0,5.0,4.0,3366,7800,2.5,0,2,3,2966,400,1937,1999
2972,1462497.0,5.0,3.25,3840,4800,3.0,0,3,3,2750,1090,2008,0
2974,355000.0,4.0,2.5,2040,8265,2.0,0,0,3,2040,0,1996,0
2977,915000.0,3.0,3.25,2660,4000,2.0,0,0,3,2170,490,2003,0
2980,2400000.0,6.0,4.5,5480,10800,2.0,0,3,4,4430,1050,1999,0
2981,390000.0,3.0,1.0,1160,3750,1.5,0,0,3,1160,0,1910,2006
2983,482500.0,4.0,3.0,1630,7626,1.0,0,0,5,1110,520,1990,0
2984,525000.0,3.0,2.25,1750,1879,3.0,0,0,3,1750,0,2001,0
2998,725000.0,6.0,1.75,2380,4080,2.0,0,0,3,2380,0,1917,2009
2999,780000.0,3.0,2.25,2140,3000,2.0,0,0,3,2140,0,1905,2006
3000,325000.0,2.0,1.0,840,4239,1.0,0,0,3,840,0,1948,1994
3003,489000.0,4.0,2.0,2120,11479,1.0,0,0,4,1060,1060,1940,2001
3009,625000.0,3.0,2.5,2440,4800,2.0,0,0,3,2440,0,2014,0
3013,654000.0,3.0,3.25,1530,1565,2.0,0,0,3,1280,250,2005,0
3015,375000.0,2.0,1.0,1230,1820,2.0,0,0,4,830,400,1948,0
3018,849000.0,4.0,2.0,2160,6300,1.5,0,1,4,2160,0,1928,0
3020,442900.0,4.0,1.75,1780,2788,1.0,0,0,4,890,890,1943,0
3021,750000.0,3.0,1.75,2610,5544,1.5,0,0,3,1680,930,1934,1978
3023,565000.0,2.0,1.75,1330,6000,1.0,0,0,4,960,370,1914,1945
3030,802000.0,3.0,1.75,2870,5000,1.5,0,0,4,1840,1030,1907,0
3036,577000.0,3.0,2.5,2060,5750,1.0,0,0,3,1330,730,1976,0
3043,690000.0,2.0,1.0,970,4560,1.0,0,0,4,970,0,1907,0
3052,430000.0,2.0,1.5,950,4625,1.0,0,0,4,950,0,1949,1985
3054,775000.0,4.0,2.5,2300,6158,2.0,0,0,3,2300,0,1999,0
3057,449000.0,4.0,2.5,1850,5040,1.0,0,0,3,1230,620,1930,2013
3059,420000.0,3.0,2.0,1200,5029,1.0,0,0,3,880,320,1937,1999
3060,735000.0,4.0,2.25,2270,5102,1.0,0,0,5,1340,930,1954,0
3062,286000.0,3.0,2.75,1100,750,2.0,0,0,3,780,320,2008,0
3063,579000.0,3.0,2.5,1640,1269,3.0,0,0,3,1640,0,2009,0
3064,345100.0,3.0,3.75,1950,8625,1.0,0,0,3,1360,590,1959,1989
3067,649950.0,3.0,2.5,1500,1375,2.0,0,0,3,1200,300,2014,0
3068,458500.0,3.0,2.0,1890,1599,2.0,0,0,3,1430,460,2012,1912
3069,500000.0,3.0,1.0,1150,5100,2.0,0,0,3,1150,0,1911,2005
3079,345000.0,3.0,1.0,1140,4200,2.0,0,0,4,1140,0,1904,0
3082,399950.0,3.0,1.75,1560,5223,1.0,0,0,4,810,750,1940,2001
3090,360000.0,4.0,1.5,1720,6417,1.0,0,0,3,1720,0,1953,0
3093,234000.0,2.0,1.0,870,11100,1.0,0,0,3,870,0,1940,1996
3101,490000.0,3.0,2.25,1470,2500,2.0,0,0,3,1080,390,1984,0
3102,615000.0,5.0,2.0,2130,4180,1.5,0,0,5,1270,860,1926,0
3104,396500.0,3.0,1.75,2390,7149,1.0,0,0,3,1350,1040,1955,2005
3105,405000.0,2.0,1.0,860,2599,1.0,0,0,4,860,0,1901,0
3108,265000.0,3.0,1.0,1620,9450,1.5,0,0,3,1620,0,1928,1954
3111,525000.0,2.0,1.0,1080,3500,1.0,0,3,3,1080,0,1924,2011
3112,415000.0,4.0,2.5,2170,8518,1.0,0,3,3,1350,820,1955,2005
3117,1580000.0,4.0,2.5,4570,74487,2.0,0,4,5,4570,0,1948,1985
3120,450000.0,4.0,1.75,2160,4333,1.0,0,0,4,1260,900,1942,1982
3126,471001.0,3.0,1.75,1800,6000,1.0,0,0,5,900,900,1905,0
3127,385000.0,3.0,3.25,1630,1677,3.0,0,0,3,1630,0,2007,0
3129,335000.0,1.0,1.0,720,5100,1.0,0,0,3,720,0,1907,1983
3133,1220000.0,4.0,3.75,3520,3944,1.5,0,0,5,2200,1320,1913,0
3135,750000.0,3.0,2.0,1820,5000,1.5,0,0,4,1720,100,1941,1998
3140,569000.0,4.0,2.0,1730,3884,1.0,0,0,5,1060,670,1924,1956
3142,800000.0,4.0,3.0,3520,4895,1.0,0,0,3,1980,1540,1954,2005
3147,660000.0,3.0,3.25,1980,2850,3.0,0,0,3,1980,0,1987,2000
3148,685000.0,2.0,1.5,1300,1676,1.0,0,2,3,1300,0,1943,2002
3150,403500.0,3.0,1.0,1830,8004,1.0,0,0,3,1200,630,1960,2012
3151,405000.0,3.0,2.25,1520,1245,3.0,0,0,3,1520,0,2004,2003
3159,345000.0,3.0,1.5,1420,1192,2.0,0,0,3,1140,280,2008,0
3160,160797.0,3.0,1.5,1270,2356,2.0,0,0,3,1270,0,2012,1912
3161,562500.0,3.0,2.25,1300,907,2.0,0,0,3,1000,300,2006,0
3162,664950.0,5.0,3.0,3190,7081,1.0,0,2,3,1890,1300,2013,1923
3163,515000.0,5.0,3.25,2910,5027,2.0,0,0,3,2040,870,2013,1923
3166,670000.0,3.0,2.5,3310,5300,2.0,0,2,3,2440,870,2008,0
3167,362500.0,2.0,1.5,940,1768,2.0,0,0,3,940,0,2009,0
3168,402101.0,2.0,0.75,1020,1350,2.0,0,0,3,1020,0,2009,0
3169,438000.0,3.0,1.75,1520,6380,1.0,0,0,3,790,730,1948,1994
3170,687500.0,4.0,1.75,2330,5000,1.5,0,0,4,1510,820,1929,0
3174,880000.0,4.0,2.5,3030,3841,3.0,0,0,3,3030,0,2005,0
3177,819000.0,3.0,3.5,2130,6150,2.0,0,2,5,1530,600,1908,0
3183,530000.0,2.0,1.5,1580,3680,1.0,0,2,3,1280,300,1941,1994
3185,615000.0,2.0,1.0,1270,5000,1.0,0,0,3,1090,180,1949,1998
3186,660000.0,2.0,2.25,2550,6000,2.0,0,0,5,1860,690,1902,0
3198,665000.0,6.0,2.75,2840,8346,1.0,0,0,5,1420,1420,1961,0
3200,1157400.0,3.0,2.5,2740,5925,2.0,0,2,3,2740,0,1913,1992
3202,2466350.0,5.0,4.75,6390,13180,2.0,0,0,3,4560,1830,1940,1996
3203,339000.0,4.0,2.0,2470,5080,1.5,0,0,3,1970,500,1948,1988
3204,615000.0,3.0,1.75,1720,4080,1.0,0,0,4,960,760,1924,0
3206,941000.0,4.0,1.75,2320,3825,1.5,0,0,5,1820,500,1926,0
3210,485000.0,3.0,2.5,1500,5412,1.0,0,0,5,900,600,1920,0
3212,339000.0,3.0,1.0,1100,4128,1.0,0,0,4,720,380,1942,1982
3214,455000.0,2.0,1.5,1200,1259,2.0,0,0,3,1000,200,2013,1923
3218,510000.0,3.0,2.25,1420,1309,3.0,0,0,3,1420,0,2006,0
3226,230000.0,4.0,1.75,1850,6000,1.0,0,0,4,1270,580,1944,0
3228,300000.0,2.0,1.0,750,5120,1.0,0,0,4,750,0,1941,1998
3229,457500.0,3.0,2.25,1430,2003,2.0,0,0,3,980,450,1996,0
3236,343500.0,4.0,1.75,1760,6204,1.0,0,2,4,1180,580,1950,1983
3241,257500.0,2.0,2.0,1180,9265,1.0,0,0,3,1180,0,1940,1996
3242,317000.0,5.0,2.5,2360,11375,1.0,0,0,4,1180,1180,1962,0
3243,970000.0,3.0,2.25,3060,9950,1.5,0,2,4,1810,1250,1930,0
3245,683500.0,3.0,1.5,1820,5756,1.5,0,0,3,1640,180,1946,0
3247,355000.0,2.0,2.25,930,747,2.0,0,0,3,630,300,2007,0
3251,395000.0,4.0,1.75,1540,5120,1.0,0,0,5,770,770,1943,0
3253,218000.0,3.0,1.0,880,18205,1.0,0,0,4,880,0,1945,0
3257,350000.0,2.0,1.0,740,7680,1.0,0,0,4,740,0,1922,0
3259,845000.0,3.0,2.0,2540,4750,1.5,0,0,5,1840,700,1930,0
3261,850000.0,4.0,3.0,3330,4000,1.0,0,0,3,1790,1540,1958,2004
3262,329950.0,2.0,1.0,900,5220,1.0,0,0,4,900,0,1956,0
3263,425000.0,4.0,1.5,1600,6180,1.5,0,0,3,1600,0,1946,0
3264,210000.0,2.0,1.0,970,5500,1.0,0,0,3,970,0,1956,2001
3265,631500.0,2.0,1.0,1130,2640,1.0,0,0,4,1130,0,1927,0
3266,295000.0,2.0,1.0,650,5400,1.0,0,0,3,650,0,1950,2005
3267,575000.0,3.0,2.25,2400,5000,1.5,0,0,4,1440,960,1926,1993
3271,329445.0,2.0,1.5,830,1119,2.0,0,0,3,830,0,2005,0
3273,395000.0,3.0,2.5,1600,1936,2.0,0,0,3,1600,0,2007,0
3275,890000.0,4.0,1.0,2550,4000,2.0,0,0,3,2370,180,1905,2010
3287,352000.0,4.0,1.0,1530,8890,1.0,0,0,3,980,550,1925,2002
3289,800000.0,2.0,1.0,1740,5719,1.0,0,0,3,1740,0,1955,2005
3295,381500.0,2.0,1.0,900,2910,1.0,0,0,5,900,0,1924,1956
3296,562100.0,2.0,0.75,1440,3700,1.0,0,0,3,1200,240,1914,1996
3298,308000.0,3.0,1.0,1640,18144,1.5,0,0,3,1640,0,1942,1999
3302,750000.0,3.0,1.5,1840,5000,1.5,0,0,5,1340,500,1915,0
3309,657000.0,4.0,2.5,2180,3375,1.5,0,0,4,1420,760,1926,1993
3312,575000.0,3.0,2.25,1700,3333,1.5,0,0,3,1100,600,1924,2011
3314,690500.0,5.0,2.0,2000,4211,1.5,0,2,4,1280,720,1908,0
3316,500000.0,3.0,1.5,1190,4750,1.0,0,0,3,970,220,1940,1996
3320,870000.0,4.0,2.75,2840,4000,1.5,0,0,5,1960,880,1912,0
3322,275000.0,2.0,1.0,770,4840,1.0,0,0,4,770,0,1927,0
3323,645000.0,3.0,2.75,1850,16960,1.0,0,2,4,1850,0,1953,1983
3325,315000.0,4.0,2.0,1780,5336,1.5,0,0,5,930,850,1918,0
3326,190000.0,1.0,0.75,930,29258,1.0,0,0,3,930,0,1941,1994
3330,310000.0,2.0,1.0,870,5400,1.0,0,0,3,870,0,1950,2007
3331,265950.0,3.0,1.5,1150,8450,1.0,0,0,4,1150,0,1951,1999
3332,860000.0,5.0,3.25,4500,9648,2.0,0,4,4,3000,1500,1968,0
3334,402000.0,4.0,2.25,2000,3672,2.0,0,0,5,1650,350,1926,0
3335,305000.0,6.0,2.0,1900,8240,1.0,0,0,2,1200,700,1964,0
3337,1355000.0,3.0,1.5,2680,4775,2.0,0,2,5,1880,800,1913,0
3343,650000.0,4.0,2.75,1910,16532,1.0,0,0,4,1420,490,1940,2001
3350,270000.0,2.0,1.0,2060,8398,1.0,0,0,3,1260,800,1962,2003
3351,435000.0,2.0,1.0,1060,3036,1.5,0,0,4,1060,0,1943,0
3356,594000.0,3.0,2.25,1270,1406,2.0,0,0,3,1060,210,2014,0
3360,450000.0,4.0,2.75,2310,5650,1.0,0,2,3,1330,980,1952,2012
3363,760000.0,4.0,2.5,2760,6000,2.0,0,0,5,2230,530,1942,0
3364,346500.0,2.0,1.75,1610,6300,1.0,0,0,3,1010,600,1941,1994
3368,1330000.0,3.0,1.5,1940,2885,1.5,0,2,3,1940,0,1900,2005
3369,640000.0,3.0,1.75,1620,6000,1.0,0,0,5,1040,580,1947,0
3372,957000.0,5.0,3.25,3160,5000,2.0,0,2,3,2180,980,2005,0
3374,680000.0,4.0,1.5,1880,6200,1.0,0,2,5,1440,440,1954,0
3378,450000.0,2.0,1.0,1380,4390,1.0,0,0,4,880,500,1931,0
3379,595888.0,3.0,1.75,1870,9000,1.0,0,0,5,1870,0,1958,0
3383,346500.0,3.0,1.0,1150,11802,1.0,0,0,4,1150,0,1932,1958
3386,519000.0,4.0,2.5,1950,2617,1.5,0,0,4,1250,700,1910,0
3390,395000.0,2.0,2.25,1350,1493,2.0,0,0,3,1050,300,2007,0
3391,364000.0,3.0,2.5,1800,2790,2.0,0,0,3,1800,0,2011,0
3393,328423.0,3.0,2.5,1730,3600,2.0,0,0,3,1730,0,2014,0
3395,425000.0,3.0,2.5,2320,2267,3.0,0,0,3,2320,0,2009,0
3398,563500.0,3.0,2.5,1400,1312,3.5,0,0,3,1400,0,2007,0
3399,975000.0,5.0,3.0,2620,5477,2.0,0,0,3,2620,0,2009,0
3400,937000.0,3.0,1.75,2450,2691,2.0,0,0,3,1750,700,1915,0
3401,518500.0,3.0,3.5,1590,1102,3.0,0,0,3,1590,0,2010,0
3414,415000.0,3.0,1.0,1170,6700,1.0,0,0,3,1170,0,1957,2000
3417,357250.0,3.0,1.5,1400,8840,1.0,0,0,4,1400,0,1952,0
3419,725000.0,6.0,3.0,3110,5000,1.5,0,0,5,1810,1300,1921,0
3420,670000.0,3.0,1.5,1490,4400,1.5,0,0,4,1490,0,1906,1990
3421,440000.0,4.0,1.5,1770,5750,2.0,0,0,3,1770,0,1947,2012
3423,320000.0,2.0,1.0,950,5316,1.0,0,2,3,950,0,1948,1994
3427,690000.0,5.0,3.5,2720,7598,2.0,0,0,3,1860,860,1993,0
3434,805000.0,3.0,2.75,2600,5875,1.5,0,2,5,1600,1000,1929,0
3441,446000.0,2.0,1.5,1370,1221,2.0,0,0,3,1080,290,2008,0
3444,402000.0,2.0,1.0,620,2475,1.0,0,0,5,620,0,1911,1984
3453,270000.0,4.0,2.25,2600,9900,1.0,0,0,3,1600,1000,1965,1993
3454,755000.0,4.0,2.75,2880,4000,1.5,0,0,3,2100,780,1912,2000
3458,1145000.0,3.0,2.5,2490,4000,2.0,0,0,5,1670,820,1918,0
3460,1250000.0,3.0,3.0,3760,8500,2.5,0,3,4,3060,700,1910,0
3464,450000.0,2.0,1.75,840,3340,1.0,0,0,3,700,140,1912,1994
3468,339000.0,2.0,1.0,950,7954,1.0,0,0,4,950,0,1941,1998
3469,1340000.0,4.0,3.5,3190,5040,2.0,0,3,3,2160,1030,2003,0
3471,815000.0,4.0,2.75,2620,4743,1.0,0,2,4,1310,1310,1949,1985
3473,638000.0,3.0,2.0,1660,3729,1.0,0,0,5,970,690,1922,1956
3478,750000.0,4.0,2.75,1750,5080,1.5,0,0,3,1750,0,1903,2005
3479,626000.0,3.0,1.75,2430,5000,2.0,0,0,4,1760,670,1945,0
3486,440000.0,3.0,1.5,2120,6290,1.0,0,0,4,1220,900,1949,1985
3495,900000.0,4.0,3.5,3370,5000,2.0,0,2,3,2470,900,2008,0
3496,1990000.0,5.0,3.0,4480,5000,2.5,0,0,5,3420,1060,1902,0
3499,1387800.0,3.0,3.0,2480,5500,2.0,0,3,3,1730,750,1950,2005
3503,471000.0,2.0,1.75,1240,6417,1.0,0,0,5,1240,0,1924,1956
3510,663000.0,3.0,2.0,1480,3876,1.0,0,0,5,860,620,1928,1970
3514,240000.0,4.0,1.0,1200,2171,1.5,0,0,3,1200,0,1933,0
3520,390000.0,3.0,3.25,1370,913,2.0,0,0,3,1100,270,2006,0
3523,665000.0,2.0,1.0,1110,3200,1.0,0,0,3,1110,0,1925,2002
3527,672500.0,3.0,2.25,2400,5300,1.5,0,0,4,1250,1150,1939,1989
3531,417000.0,4.0,2.25,2300,7700,1.0,0,0,3,1380,920,1959,1989
3533,700000.0,3.0,2.5,1660,1545,2.0,0,2,3,1400,260,2002,0
3537,561500.0,3.0,1.75,1960,6380,1.0,0,0,4,980,980,1939,1989
3540,447000.0,2.0,1.0,1320,8380,1.0,0,0,3,1320,0,1953,0
3542,212700.0,2.0,1.0,940,5040,1.0,0,0,3,940,0,1926,2003
3543,260000.0,2.0,1.0,700,4800,1.0,0,0,3,700,0,1922,2008
3556,430000.0,2.0,1.0,1050,2570,1.0,0,0,5,850,200,1927,0
3560,221000.0,3.0,1.0,910,8789,1.0,0,0,3,910,0,1966,1963
3567,500000.0,4.0,1.0,1440,7100,1.5,0,0,3,1440,0,1906,2014
3568,191000.0,2.0,1.0,900,3400,1.0,0,0,5,900,0,1905,0
3569,315000.0,6.0,4.0,3120,4240,2.0,0,2,4,2090,1030,1993,0
3570,415000.0,3.0,2.5,1060,1536,2.0,0,0,3,1060,0,2000,0
3573,523460.0,5.0,1.75,1890,5000,1.5,0,0,3,1090,800,1906,2014
3578,710000.0,2.0,1.5,1640,4080,1.5,0,0,5,1540,100,1916,0
3579,1020000.0,3.0,2.25,1670,4800,1.5,0,3,3,1670,0,1903,2005
3581,480000.0,2.0,1.0,1500,3420,1.0,0,0,3,1500,0,1902,0
3586,397000.0,5.0,1.0,1170,6757,1.0,0,0,4,800,370,1944,0
3587,718500.0,3.0,1.5,1200,6240,1.0,0,0,3,1030,170,1952,2008
3588,195000.0,2.0,1.0,1020,8100,1.0,0,0,3,1020,0,1940,1996
3590,295000.0,1.0,1.0,700,2500,1.0,0,0,4,700,0,1907,0
3595,504200.0,2.0,1.5,1200,1687,3.0,0,0,3,1200,0,2008,0
3597,589500.0,3.0,3.25,2310,3075,2.0,0,0,3,1730,580,2005,0
3599,735000.0,3.0,2.25,1490,1212,2.0,0,0,3,1040,450,2011,0
3605,235000.0,1.0,1.5,1170,1456,2.0,0,0,3,1070,100,2007,0
3607,229800.0,2.0,1.75,1110,1773,2.0,0,0,3,1110,0,2014,0
3608,516500.0,1.0,1.25,1100,638,3.0,0,0,3,1100,0,2014,0
3609,1600000.0,3.0,4.25,2820,7200,2.0,0,0,4,2460,360,1930,0
3613,470000.0,3.0,1.5,1500,5000,1.5,0,0,4,1140,360,1927,0
3615,650000.0,2.0,1.0,1050,2542,1.0,0,0,3,880,170,1904,0
3616,585000.0,5.0,2.5,2670,16777,1.5,0,0,4,1620,1050,1920,0
3619,475000.0,3.0,2.5,1700,9100,1.0,0,0,3,1160,540,1998,2006
3621,397000.0,3.0,3.5,1360,1275,2.0,0,0,3,1240,120,2007,0
3623,325000.0,5.0,2.75,2130,6222,1.0,0,0,3,1300,830,1991,0
3629,1200000.0,4.0,2.0,2120,3360,2.0,0,0,3,2120,0,1905,2010
3633,410000.0,1.0,1.5,1010,5750,1.0,0,0,3,1010,0,1911,1948
3634,1165000.0,3.0,3.0,3790,5001,2.0,0,0,3,2810,980,1989,0
3637,669500.0,4.0,2.25,2500,4046,1.5,0,0,4,1520,980,1940,2001
3638,491950.0,3.0,2.25,2090,10733,1.0,0,0,3,1440,650,1958,2004
3648,535000.0,3.0,1.0,1580,6300,1.0,0,0,3,1180,400,1925,2002
3650,490000.0,4.0,3.0,2330,3497,2.0,0,0,3,1920,410,2003,0
3652,345000.0,2.0,1.0,970,5750,1.0,0,0,4,970,0,1932,1958
3656,441000.0,2.0,1.5,1190,3400,1.0,0,0,3,990,200,1919,2001
3657,406500.0,2.0,1.0,870,5750,1.0,0,0,4,870,0,1947,1988
3661,1925000.0,5.0,4.25,4830,8050,2.5,0,2,4,3710,1120,1914,1945
3662,408000.0,5.0,3.25,2820,6589,1.5,0,0,3,2320,500,1906,2014
3664,875000.0,4.0,1.5,1800,3245,1.5,0,0,4,1800,0,1929,0
3665,308000.0,3.0,1.0,1010,8800,1.0,0,0,4,1010,0,1954,1979
3666,880000.0,4.0,2.75,3220,4392,1.5,0,0,4,2320,900,1931,0
3672,255000.0,2.0,1.0,1320,9967,1.0,0,0,3,940,380,1919,2001
3674,850000.0,3.0,2.5,2650,2387,2.0,0,0,3,1830,820,1920,1979
3675,265000.0,2.0,2.0,1860,10856,1.0,0,0,3,1260,600,1952,2008
3677,972000.0,4.0,1.75,2010,6300,1.0,0,2,5,1610,400,1937,0
3683,544000.0,3.0,2.5,1460,1613,2.0,0,0,3,1180,280,2007,0
3686,427500.0,2.0,2.0,1090,934,3.0,0,0,3,1090,0,2008,0
3689,435000.0,4.0,2.0,1880,3840,1.0,0,0,3,970,910,1904,0
3690,765000.0,5.0,3.0,2870,5700,1.0,0,0,3,1950,920,1964,2000
3694,457000.0,3.0,2.5,1220,1330,2.0,0,0,3,1010,210,2008,0
3704,349500.0,3.0,2.0,1270,3600,1.0,0,0,3,1270,0,1963,2008
3705,1198000.0,4.0,3.5,3400,3850,2.5,0,0,3,2790,610,2008,0
3708,330000.0,3.0,2.5,1680,11312,1.0,0,0,3,1080,600,1959,1989
3710,500000.0,2.0,1.0,950,4500,1.0,0,2,3,850,100,1926,2003
3714,691500.0,4.0,2.5,2600,7200,2.0,0,0,3,2600,0,1962,2002
3715,459500.0,2.0,1.0,1250,3825,1.0,0,0,3,850,400,1929,0
3716,955500.0,4.0,1.75,2130,5080,1.5,0,0,3,2130,0,1914,1993
3721,1297000.0,6.0,2.75,2630,9420,2.0,0,0,5,2510,120,1900,0
3725,616000.0,4.0,1.75,1700,5846,1.0,0,0,3,1700,0,1957,2000
3734,345000.0,2.0,1.0,1080,7775,1.0,0,0,3,1080,0,1955,2005
3741,370000.0,2.0,1.0,860,6050,1.0,0,0,3,860,0,1952,2008
3745,1080000.0,3.0,2.75,3890,7216,2.0,0,1,3,3260,630,1967,2010
3746,337000.0,3.0,2.25,1460,941,3.0,0,0,3,1460,0,2006,0
3747,563000.0,4.0,1.0,1410,3376,1.5,0,0,5,1410,0,1911,1984
3748,1695000.0,4.0,2.75,3770,10900,2.0,0,2,5,3070,700,1924,1956
3749,245000.0,3.0,2.0,1190,4072,1.5,0,0,5,1190,0,1907,0
3750,590000.0,3.0,2.0,1410,6413,1.0,0,0,4,910,500,1947,1988
3751,695000.0,3.0,2.0,2500,4080,1.5,0,0,5,1680,820,1922,1956
3752,402500.0,2.0,1.0,800,2280,1.0,0,0,5,800,0,1946,0
3756,600000.0,5.0,2.25,2980,7781,1.0,0,0,3,1580,1400,1960,2012
3759,1110000.0,5.0,3.25,3350,4000,2.0,0,0,4,2510,840,1997,0
3760,332888.0,2.0,2.5,1050,1029,2.0,0,0,3,950,100,2007,0
3762,515000.0,2.0,1.0,1050,5000,1.0,0,0,5,1050,0,1907,0
3764,485000.0,4.0,1.75,1430,4096,2.0,0,0,3,1430,0,1900,2005
3768,1640000.0,3.0,3.25,3140,5445,2.0,0,3,4,2240,900,1913,0
3769,102500.0,2.0,1.0,820,4320,1.0,0,0,3,820,0,1937,1999
3772,600000.0,2.0,1.0,910,2002,1.5,0,0,3,910,0,1900,2005
3773,406000.0,4.0,1.0,1580,8475,1.5,0,2,4,1580,0,1928,0
3774,620000.0,4.0,3.0,2130,6325,1.0,0,0,5,1440,690,1948,1985
3777,725000.0,3.0,1.75,1860,6000,2.0,0,2,4,1860,0,1959,0
3778,276000.0,1.0,0.75,370,1801,1.0,0,0,5,370,0,1923,0
3781,2300000.0,4.0,4.75,3970,9778,2.0,0,2,4,3390,580,1928,0
3786,433000.0,4.0,1.5,1550,5053,1.0,0,0,4,1180,370,1963,0
3793,581000.0,4.0,1.0,1630,2566,1.5,0,0,3,1630,0,1921,2000
3794,952500.0,4.0,1.5,2550,5055,2.0,0,0,4,2550,0,1910,0
3796,476000.0,4.0,3.0,2890,6885,1.0,0,0,3,1590,1300,1945,2013
3797,535000.0,4.0,1.75,1420,5000,1.5,0,0,4,1420,0,1945,0
3798,1356925.0,4.0,3.5,4270,5800,2.0,0,3,5,3170,1100,1937,0
3804,640000.0,2.0,2.25,1540,965,3.0,0,0,3,1540,0,2007,0
3805,460000.0,3.0,2.5,1450,1053,2.0,0,0,3,940,510,2008,0
3806,525000.0,2.0,2.5,1160,1458,2.0,0,0,3,1040,120,2012,1912
3810,512031.0,3.0,1.75,1540,3000,1.0,0,2,3,770,770,1920,1979
3811,310000.0,2.0,1.0,700,3000,1.0,0,0,4,700,0,1918,1974
3812,1075000.0,3.0,2.5,3280,10302,1.0,0,0,3,1680,1600,1970,2014
3813,255000.0,4.0,2.0,2430,8960,1.0,0,0,3,1430,1000,1960,2012
3821,895000.0,4.0,2.25,1950,5950,1.0,0,0,3,1330,620,1947,2012
3826,580000.0,3.0,2.25,1900,3960,1.5,0,0,3,1200,700,1905,2010
3831,480000.0,3.0,2.0,1470,10052,1.0,0,0,4,1470,0,1956,0
3836,185000.0,5.0,1.0,1590,6700,1.5,0,0,3,1090,500,1942,1999
3838,690000.0,3.0,1.5,1760,4000,2.0,0,0,3,1760,0,1922,2008
3843,540000.0,3.0,2.25,1320,1800,2.0,0,0,3,1320,0,1994,0
3848,732000.0,3.0,3.75,2670,6517,2.5,0,4,4,2020,650,1977,0
3849,860000.0,4.0,1.75,1880,3720,1.5,0,0,4,1880,0,1924,0
3850,389000.0,4.0,1.75,2400,7700,1.5,0,0,4,1500,900,1927,0
3851,645000.0,3.0,1.75,2270,11472,1.0,0,0,4,1370,900,1956,0
3853,550000.0,4.0,2.75,2160,5005,1.0,0,0,3,1430,730,1987,2000
3855,782000.0,2.0,1.5,1570,3600,1.5,0,2,4,1320,250,1906,1990
3856,545000.0,3.0,2.0,1340,7200,1.5,0,0,4,1340,0,1923,0
3862,723000.0,4.0,2.25,2430,4748,1.5,0,0,3,1630,800,1928,1954
3865,496000.0,2.0,1.0,900,9260,1.0,0,0,3,900,0,1946,0
3866,625000.0,3.0,3.0,1820,1641,3.0,0,0,3,1540,280,2006,0
3867,475000.0,4.0,2.0,2100,13468,1.0,0,0,5,1050,1050,1962,0
3871,660500.0,5.0,2.5,2950,5500,1.5,0,0,5,1720,1230,1918,0
3872,262000.0,5.0,1.0,1870,7800,1.0,0,0,3,1580,290,1962,2003
3873,2147500.0,3.0,3.5,4660,5500,2.0,0,4,5,3040,1620,1909,1988
3876,736000.0,2.0,1.0,1500,4000,1.0,0,0,3,1100,400,1933,0
3880,1054690.0,4.0,3.5,3390,3979,2.0,0,0,3,2610,780,2014,0
3881,334500.0,2.0,1.5,830,1858,2.0,0,0,3,830,0,2005,0
3886,265050.0,2.0,1.5,800,2119,2.0,0,0,3,800,0,2008,0
3890,445838.0,3.0,2.5,2250,5692,2.0,0,0,3,2250,0,2000,0
3902,575000.0,3.0,1.75,1530,6743,1.0,0,0,3,1410,120,1955,2005
3904,850000.0,3.0,2.5,3230,5000,2.0,0,2,5,2430,800,1945,0
3905,1015000.0,3.0,3.25,3620,4000,2.0,0,0,3,2730,890,2005,0
3914,588000.0,5.0,3.0,2190,4900,2.0,0,0,5,1490,700,1940,0
3920,715000.0,3.0,4.0,2080,2250,3.0,0,4,3,2080,0,1997,0
3921,529950.0,3.0,1.0,1240,5000,1.5,0,0,5,1240,0,1909,1988
3923,1755000.0,3.0,2.0,2360,4800,2.0,0,0,3,2360,0,1909,2014
3926,554729.0,4.0,2.5,2020,4350,2.0,0,0,5,1730,290,1943,0
3928,341000.0,3.0,1.0,1390,4814,1.5,0,0,3,1390,0,1908,1988
3932,430000.0,3.0,1.5,1810,5080,1.0,0,0,3,1030,780,1958,2004
3934,220000.0,4.0,1.0,1200,6000,1.5,0,0,3,1200,0,1923,1998
3935,1625000.0,4.0,3.25,2980,3600,2.0,0,0,3,2150,830,1999,0
3936,405500.0,2.0,2.75,1350,1252,2.0,0,0,3,1120,230,2006,0
3937,633000.0,4.0,2.5,2360,10000,1.0,0,3,3,1980,380,1977,2004
3941,255000.0,2.0,1.5,920,1598,2.0,0,0,3,920,0,1995,0
3943,370000.0,2.0,1.0,860,5040,1.0,0,0,3,860,0,1956,2001
3950,975000.0,6.0,2.75,2520,54160,2.0,1,4,3,2520,0,1954,2005
3952,439990.0,3.0,2.5,1930,1348,2.0,0,0,3,1300,630,2005,0
3955,609000.0,3.0,1.75,1630,1526,3.0,0,0,3,1630,0,2014,0
3956,425000.0,3.0,1.5,1400,1022,3.0,0,0,3,1400,0,2007,0
3963,1200000.0,4.0,2.5,2700,4275,2.0,0,0,3,2700,0,2004,2003
3964,1738000.0,4.0,2.25,2920,6513,2.0,0,0,4,2260,660,1937,0
3965,671000.0,4.0,3.0,3130,5700,1.5,0,0,3,1750,1380,1953,0
3966,459500.0,3.0,1.75,1470,4950,1.0,0,0,3,1030,440,1984,0
3967,499000.0,3.0,2.5,1540,1326,3.0,0,0,3,1390,150,1995,0
3968,1280000.0,4.0,2.5,3160,4620,1.5,0,4,3,2020,1140,1917,2005
3971,382500.0,2.0,1.0,1190,4440,1.0,0,0,3,1190,0,1981,2013
3973,530000.0,3.0,1.75,1320,2500,1.0,0,0,3,870,450,1918,0
3977,548800.0,4.0,1.0,1660,4704,1.5,0,0,3,1260,400,1930,1997
3979,588000.0,3.0,2.0,1860,4777,2.0,0,0,5,1860,0,1908,0
3982,445000.0,2.0,2.0,1240,2500,2.0,0,0,3,1240,0,1985,0
3985,300000.0,3.0,1.0,930,5160,1.5,0,0,5,930,0,1919,1934
3987,527000.0,6.0,3.5,3000,8401,1.0,0,0,3,1500,1500,1979,2014
3991,335950.0,2.0,1.5,800,5192,1.0,0,0,5,800,0,1951,0
3996,295000.0,3.0,1.5,1640,7222,2.0,0,0,4,1640,0,1908,0
3998,780000.0,4.0,2.0,2600,4800,1.0,0,2,3,1400,1200,1953,0
3999,437500.0,3.0,2.0,1490,4800,2.0,0,0,5,1490,0,1948,1985
4000,443000.0,5.0,1.75,1650,3000,1.5,0,0,3,1650,0,1902,0
4002,245000.0,2.0,1.0,1500,6685,1.0,0,0,3,1190,310,1926,2003
4004,536000.0,2.0,1.5,1130,746,2.0,0,0,3,1030,100,2009,0
4012,558000.0,2.0,2.0,1580,5750,1.0,0,0,5,790,790,1910,0
4017,1636000.0,3.0,2.5,3110,6765,2.0,0,1,4,2550,560,1946,1989
4022,631500.0,4.0,2.0,2530,5650,1.5,0,0,4,1910,620,1910,0
4023,570000.0,3.0,2.0,1640,2808,1.0,0,3,4,820,820,1924,0
4030,1450000.0,4.0,3.25,3770,4103,2.0,0,0,5,2710,1060,1925,0
4035,500000.0,3.0,2.5,1720,3012,2.0,0,0,3,1720,0,2011,0
4037,378000.0,3.0,2.5,1601,2491,3.0,0,0,3,1536,65,2007,0
4038,505000.0,2.0,2.25,1060,1209,2.0,0,0,3,940,120,2006,0
4041,510000.0,3.0,2.5,1420,1237,3.0,0,0,3,1420,0,2014,0
4042,1300000.0,4.0,2.25,2360,4000,2.0,0,0,3,2360,0,2013,1923
4043,374000.0,2.0,1.5,1260,1575,2.0,0,0,3,1260,0,2001,0
4045,230000.0,3.0,1.75,1140,1201,2.0,0,0,3,1140,0,2014,0
4047,438000.0,2.0,2.0,1270,1372,3.0,0,0,3,1270,0,2000,0
4051,315000.0,2.0,1.0,1080,2674,1.0,0,0,4,720,360,1919,1985
4058,780000.0,2.0,2.5,2560,2500,2.0,0,0,5,1690,870,1901,0
4066,480000.0,2.0,1.0,1060,3040,1.0,0,0,3,860,200,1924,2011
4067,330000.0,3.0,2.25,2220,4060,1.0,0,0,3,1330,890,1993,0
4071,326500.0,3.0,1.0,1060,7920,1.0,0,0,4,1060,0,1968,0
4073,267000.0,3.0,1.0,1400,8100,1.5,0,0,3,1400,0,1944,0
4075,362000.0,5.0,3.0,1810,3000,2.0,0,0,3,1810,0,1998,2006
4084,371500.0,3.0,1.0,1650,6400,1.0,0,0,4,980,670,1954,1979
4085,368000.0,4.0,1.75,2100,11942,1.0,0,0,3,1030,1070,1964,2000
4094,427550.0,2.0,1.0,880,4000,1.0,0,0,3,880,0,1940,1996
4095,235000.0,2.0,1.0,1020,7920,1.0,0,0,3,1020,0,1939,1969
4096,210000.0,3.0,2.0,960,9380,1.0,0,0,3,960,0,1949,1998
4097,485000.0,4.0,2.25,1900,7200,1.0,0,0,3,1370,530,1977,2004
4098,410000.0,3.0,2.0,1320,6000,1.5,0,0,4,1320,0,1920,0
4099,435000.0,4.0,2.75,2230,9640,1.0,0,0,3,1320,910,1998,2006
4102,210000.0,3.0,1.0,1070,8179,1.0,0,0,3,1070,0,1949,1998
4103,1050000.0,4.0,2.75,2250,3433,1.5,0,0,3,1500,750,1927,2013
4109,613000.0,2.0,2.0,1170,1890,1.5,0,1,4,1170,0,1927,0
4117,165000.0,1.0,1.0,850,8050,1.0,0,0,2,850,0,1906,0
4118,430000.0,3.0,2.0,1550,6039,1.0,0,0,5,830,720,1942,0
4120,1195000.0,4.0,3.5,3960,6654,2.0,0,0,3,2850,1110,2006,0
4121,201500.0,3.0,1.0,1320,5000,1.5,0,0,3,1320,0,1912,1994
4123,325000.0,2.0,1.0,800,7260,1.0,0,0,3,800,0,1953,0
4127,890000.0,4.0,2.75,2310,4020,3.0,0,0,5,2310,0,1979,0
4132,970000.0,5.0,2.75,3500,5040,2.0,0,2,3,2950,550,1927,2007
4134,399500.0,4.0,1.75,1360,4840,1.5,0,0,4,1360,0,1928,0
4136,1205000.0,4.0,3.5,3150,5500,2.0,0,0,3,3150,0,2014,0
4137,325000.0,2.0,1.0,810,4080,1.0,0,0,4,810,0,1941,1998
4140,517000.0,2.0,1.5,1920,3408,1.0,0,0,4,960,960,1912,1989
4142,1675000.0,3.0,2.5,3490,8343,2.0,1,4,4,2150,1340,1939,1991
4143,2180000.0,6.0,2.75,4710,11000,2.0,0,3,3,3690,1020,1931,0
4147,148000.0,2.0,1.0,630,4200,1.0,0,0,3,630,0,1930,1997
4148,950000.0,3.0,2.5,3480,7800,1.0,0,0,4,1750,1730,1941,1998
4149,405000.0,3.0,1.5,1010,7683,1.5,0,0,5,1010,0,1953,0
4159,674600.0,4.0,2.5,2610,5140,2.0,0,0,3,2610,0,2006,0
4162,320000.0,3.0,3.25,1450,1387,2.0,0,0,3,1180,270,2013,1923
4165,399950.0,5.0,2.75,1970,5400,1.0,0,0,3,1320,650,1986,0
4166,550000.0,3.0,2.0,1970,4166,2.0,0,3,5,1270,700,1929,0
4177,284000.0,4.0,1.75,1880,8800,1.0,0,0,3,1130,750,1960,2012
4178,737500.0,3.0,1.75,2320,10900,2.0,0,0,3,2320,0,1935,1974
4179,569000.0,3.0,3.25,2220,8227,1.5,0,0,5,1770,450,1929,0
4180,700000.0,3.0,1.0,1410,7200,2.0,0,0,4,1410,0,1901,0
4181,660000.0,3.0,1.0,1240,3500,1.0,0,0,4,1240,0,1927,0
4188,226550.0,3.0,1.0,990,4440,1.0,0,0,3,990,0,1943,2002
4196,810000.0,4.0,1.75,2000,3988,1.0,0,4,4,1000,1000,1958,1972
4199,275000.0,3.0,1.0,1200,7800,1.0,0,0,4,1200,0,1954,1979
4203,679000.0,4.0,2.75,2100,4480,1.5,0,0,4,1780,320,1928,0
4204,1465000.0,6.0,4.5,4230,6420,2.0,0,3,4,2360,1870,1916,0
4205,410000.0,3.0,1.75,1660,6250,1.0,0,0,3,830,830,1980,0
4209,1250000.0,4.0,2.5,2920,5500,1.0,0,3,3,2030,890,1957,2000
4211,425000.0,2.0,1.0,1320,8830,1.0,0,0,3,1020,300,1939,1969
4217,840000.0,3.0,2.0,2783,11177,2.0,0,0,3,2783,0,1910,1999
4221,599950.0,3.0,3.25,1830,1804,3.0,0,0,3,1830,0,2014,0
4222,299880.0,3.0,2.5,1460,3044,2.0,0,0,3,1460,0,2000,0
4228,680000.0,3.0,2.0,1780,5720,1.0,0,0,5,980,800,1925,0
4231,335500.0,3.0,1.0,1370,6780,2.0,0,0,3,1370,0,1930,1997
4237,321500.0,1.0,1.0,730,1942,1.0,0,0,3,730,0,2008,0
4243,599000.0,7.0,2.5,2580,5750,1.0,0,0,4,1880,700,1901,0
4244,759000.0,4.0,1.75,2100,4750,1.0,0,0,3,1340,760,1975,0
4245,300000.0,4.0,1.75,1820,5015,1.0,0,0,4,1190,630,1926,1993
4247,359000.0,3.0,1.5,1550,4980,1.0,0,0,3,1080,470,1978,0
4248,550000.0,4.0,1.0,1440,3600,1.5,0,0,4,1440,0,1924,0
4249,395000.0,2.0,1.0,930,6380,1.0,0,0,4,930,0,1940,2001
4255,380000.0,2.0,1.0,780,3910,1.0,0,0,3,780,0,1918,0
4256,625000.0,4.0,1.0,1600,5500,1.5,0,0,4,1600,0,1946,1989
4260,900000.0,4.0,2.5,2230,4372,2.0,0,0,5,1540,690,1935,0
4263,580000.0,3.0,1.75,1850,5100,1.0,0,0,3,1020,830,1909,2004
4272,749000.0,4.0,2.75,2700,6000,2.0,0,0,4,2100,600,1910,0
4274,595000.0,4.0,3.25,3730,4560,2.0,0,0,3,2760,970,2013,1923
4275,487000.0,4.0,2.5,2540,5001,2.0,0,0,3,2540,0,2005,0
4276,760000.0,4.0,2.25,3300,8365,3.0,0,0,3,3300,0,2014,0
4279,374950.0,3.0,2.25,1390,1484,3.0,0,0,3,1390,0,2007,0
4280,440000.0,3.0,1.5,1270,1413,3.0,0,0,3,1270,0,2007,0
4287,775000.0,6.0,2.75,2980,5000,1.5,0,0,3,2480,500,1916,1986
4288,725000.0,2.0,1.75,1950,2719,1.0,0,0,5,1010,940,1919,1934
4290,350000.0,4.0,1.0,1170,8147,1.5,0,0,3,1170,0,1959,1989
4292,639000.0,4.0,2.0,1840,5419,1.0,0,0,4,920,920,1942,1982
4295,800000.0,3.0,2.75,2220,4000,2.0,0,0,3,1700,520,1914,2000
4297,279000.0,2.0,1.0,670,6300,1.0,0,0,5,670,0,1942,0
4301,880000.0,6.0,2.5,2640,3680,2.0,0,0,5,1760,880,1922,1956
4309,436110.0,3.0,2.5,1770,1235,3.0,0,0,3,1600,170,2007,0
4311,620000.0,3.0,1.5,1620,6630,1.0,0,0,3,1280,340,1954,2005
4312,254000.0,4.0,2.0,1510,4235,1.0,0,0,3,1510,0,1955,2005
4325,1234582.0,5.0,3.25,3240,6551,1.5,0,4,4,2500,740,1939,1989
4333,205425.0,2.0,1.75,880,6780,1.0,0,0,4,880,0,1945,0
4335,505000.0,3.0,2.25,1670,1596,2.0,0,0,3,1220,450,2002,0
4337,670000.0,3.0,2.5,2700,1438,2.0,0,0,3,1280,1420,2003,0
4338,202000.0,1.0,1.0,590,833,1.0,0,0,4,590,0,1926,1993
4342,291000.0,3.0,1.75,1560,9788,1.0,0,0,3,1560,0,1964,2000
4346,12899000.0,3.0,2.5,2190,11394,1.0,0,0,3,1550,640,1956,2001
4355,744312.5,4.0,2.5,2800,5900,1.0,0,0,3,1660,1140,1963,2008
4356,0.0,4.0,2.75,2600,5390,1.0,0,0,4,1300,1300,1960,2001
4359,439333.333333,3.0,3.5,3020,4082,2.0,0,0,3,2080,940,1954,2004
4366,330000.0,3.0,3.0,1680,1570,3.0,0,0,3,1680,0,2014,0
4384,554250.0,3.0,2.5,1490,1709,3.0,0,0,3,1490,0,2004,2003
4388,300000.0,3.0,2.0,1510,7066,1.0,0,2,3,1230,280,1973,2013
4391,274750.0,4.0,2.5,1840,1562,2.0,0,0,3,1400,440,2004,2003
4392,148612.5,3.0,1.0,1040,5000,1.0,0,0,3,1040,0,1959,1989
4393,326428.571429,3.0,1.0,1250,4800,1.0,0,0,4,1250,0,1951,1999
4395,135333.333333,4.0,1.0,1530,7200,1.5,0,0,3,1400,130,1948,1994
4396,577437.5,4.0,2.5,2110,3750,2.0,0,0,3,2110,0,2000,0
4397,440825.0,3.0,1.75,2150,4333,1.0,0,0,3,1200,950,1956,2001
4398,195000.0,5.0,3.75,5340,10655,2.5,0,3,4,3740,1600,1912,1989
4402,193000.0,3.0,1.5,2200,5000,1.5,0,0,3,2200,0,1932,0
4405,0.0,4.0,3.75,3300,4545,1.5,0,4,3,2600,700,1926,1999
4409,266066.666667,4.0,1.0,1310,5200,1.5,0,0,3,1160,150,1945,2010
4412,0.0,3.0,3.0,1860,7440,1.0,0,0,5,1040,820,1954,0
4427,450385.714286,3.0,2.0,1300,3731,1.0,0,0,3,900,400,1993,0
4433,308830.769231,2.0,1.0,810,4800,1.0,0,0,3,810,0,1919,2001
4435,287919.782609,2.0,1.0,1090,5000,1.0,0,0,4,730,360,1942,1982
4436,247875.0,2.0,1.0,1000,4776,1.0,0,0,4,1000,0,1942,1982
4438,173666.666667,4.0,1.0,1290,5000,1.5,0,0,3,1290,0,1957,2000
4441,790000.0,4.0,2.5,2310,5100,2.0,0,0,3,2310,0,2013,1923
4442,0.0,1.0,1.0,720,6000,1.0,0,0,3,720,0,1940,1996
4443,678333.333333,3.0,2.5,1840,3035,1.0,0,0,3,920,920,1926,2003
4448,0.0,5.0,2.75,2740,5616,1.5,0,0,5,1670,1070,1925,0
4449,535000.0,4.0,2.25,2290,5350,2.0,0,0,4,2120,170,1958,1972
4450,596165.428571,4.0,2.0,2580,6000,1.0,0,0,5,1300,1280,1950,0
4452,148612.5,3.0,1.0,1040,6860,2.0,0,0,3,1040,0,1942,1999
4460,535000.0,4.0,2.25,2980,8051,1.5,0,2,4,2020,960,1935,0
4464,440825.0,3.0,1.75,1980,6250,1.0,0,1,5,1090,890,1910,0
4465,2560498.33333,3.0,2.5,1710,1664,2.0,0,0,5,1300,410,2003,0
4466,423050.925926,2.0,1.0,890,4590,1.0,0,0,3,890,0,1923,1998
4475,458663.888889,2.0,1.0,1470,7137,1.0,0,0,3,1020,450,1941,1994
4477,135333.333333,4.0,1.0,1200,7200,1.5,0,0,3,1200,0,1944,0
4479,0.0,5.0,2.0,1910,7200,1.0,0,0,4,1110,800,1951,1999
4487,0.0,4.0,1.0,2080,3500,1.5,0,0,5,1260,820,1926,0
4489,790000.0,4.0,3.25,2420,4000,1.5,0,0,5,1870,550,1911,1984
4490,435500.0,3.0,3.5,1240,1666,2.0,0,0,3,1000,240,2008,0
4491,738190.857143,3.0,2.5,2300,3060,1.5,0,0,3,1510,790,1930,2002
4493,300000.0,3.0,2.0,2020,8555,1.0,0,0,4,1220,800,1957,2001
4494,1036200.0,4.0,3.25,2500,5801,1.5,0,0,3,1960,540,1926,2003
4495,163785.714286,2.0,1.0,760,5500,1.5,0,0,3,760,0,1947,2012
4496,351250.0,4.0,1.75,1580,5340,1.0,0,0,3,1130,450,1947,2012
4501,233166.666667,3.0,2.0,1570,7000,2.0,0,2,4,1050,520,1971,0
4504,331366.666667,3.0,2.5,1270,2509,2.0,0,0,3,1270,0,2004,2003
4506,337945.75,2.0,1.0,940,9839,1.0,0,0,3,940,0,1910,2006
4516,323833.333333,4.0,1.0,1940,5753,1.5,0,0,3,1940,0,1947,2012
4517,309000.0,3.0,2.5,1800,2700,2.0,0,0,3,1800,0,2011,0
4519,994500.0,4.0,2.25,2870,6280,1.5,0,0,4,1980,890,1905,0
4521,0.0,4.0,1.0,1810,7500,1.0,0,0,2,1410,400,1959,0
4522,0.0,2.0,2.25,1490,6770,1.5,0,0,3,1490,0,1926,2003
4525,379509.166667,2.0,1.0,880,6413,1.0,0,0,3,880,0,1950,2005
4530,362750.0,2.0,1.75,1240,3000,1.5,0,0,3,1240,0,1906,2014
4535,198995.0,3.0,1.0,1410,8053,1.0,0,0,4,1410,0,1951,1999
4539,190368.75,2.0,1.0,1120,5650,1.0,0,0,3,1120,0,1944,0
4543,360500.0,3.0,2.5,1150,887,3.0,0,0,3,1150,0,2007,0
4551,258125.0,2.0,1.0,930,7740,1.0,0,0,3,930,0,1924,2011
4555,0.0,2.0,1.5,1520,8040,1.0,0,0,5,1520,0,1951,0
4556,167500.0,1.0,1.0,690,1950,1.0,0,0,3,690,0,1928,1954
4557,471500.0,4.0,3.0,2370,3672,1.5,0,0,5,1650,720,1916,0
4558,0.0,4.0,4.25,3500,8750,1.0,0,4,5,2140,1360,1951,0
4559,464600.0,2.0,1.0,840,3400,1.0,0,2,4,840,0,1924,0
4561,433111.111111,3.0,2.25,1370,1524,3.0,0,0,3,1370,0,2005,0
4563,0.0,2.0,2.25,2130,4920,1.5,0,4,4,1530,600,1941,1998
4566,558653.846154,3.0,2.5,1530,3210,1.5,0,0,5,1010,520,1928,1970
4570,318000.0,2.0,1.75,1530,3503,1.0,0,1,4,830,700,1916,0
4571,550607.142857,4.0,2.0,1660,4800,1.5,0,0,3,1660,0,1922,2008
4572,1288333.33333,6.0,4.5,3830,4800,3.0,0,0,3,3050,780,1919,2004
4573,584000.0,3.0,1.75,1490,1036,2.0,0,0,3,1090,400,2008,0
4576,245000.0,3.0,3.0,2470,7410,2.0,0,0,5,1860,610,1977,0
4577,287919.782609,2.0,1.0,870,4600,1.0,0,0,4,870,0,1942,1982
4579,454790.0,2.0,1.75,1990,4000,1.0,0,0,5,1090,900,1952,1998
4581,473200.0,3.0,1.5,1740,4200,1.5,0,0,4,1640,100,1920,0
4582,406062.5,2.0,1.0,1290,4650,1.0,0,0,4,1290,0,1906,1990
4585,486895.0,3.0,1.0,1890,3330,1.5,0,0,4,1390,500,1901,0
4591,396166.666667,3.0,1.75,1880,5752,1.0,0,0,4,940,940,1945,0
4595,308166.666667,3.0,1.75,1510,6360,1.0,0,0,4,1510,0,1954,1979
4598,203400.0,4.0,2.0,2090,6630,1.0,0,0,3,1070,1020,1974,0
